,demand,temperature
2020-01-01 00:00:00,0.1582500530338462,21.830076176202066
2020-01-01 00:30:00,0.16384453133932722,20.485436081556372
2020-01-01 01:00:00,0.17551876568090974,20.342464611309985
2020-01-01 01:30:00,0.17349768387223108,20.305148429635114
2020-01-01 02:00:00,0.16769113543806782,20.55349044549698
2020-01-01 02:30:00,0.17518264376815093,20.250270824338607
2020-01-01 03:00:00,0.15374173354687312,20.11039911569156
2020-01-01 03:30:00,0.16973572489901506,19.83303735204306
2020-01-01 04:00:00,0.1740804457566896,19.694987851332694
2020-01-01 04:30:00,0.17901040087169032,20.370459848001367
2020-01-01 05:00:00,0.19783022840499653,20.505079997001992
2020-01-01 05:30:00,0.20938012745296128,21.73721105012804
2020-01-01 06:00:00,0.20843130209482025,21.624178720735365
2020-01-01 06:30:00,0.22118118620994595,21.76633044480668
2020-01-01 07:00:00,0.22989913125348085,22.73948107613626
2020-01-01 07:30:00,0.21849309782126744,23.10993628276452
2020-01-01 08:00:00,0.2441376492952856,22.915635614852132
2020-01-01 08:30:00,0.23099728466698624,23.516909490022798
2020-01-01 09:00:00,0.21328092990511754,23.168600705503312
2020-01-01 09:30:00,0.1954200768593974,25.471306419403874
2020-01-01 10:00:00,0.19485500717683593,25.420780398007047
2020-01-01 10:30:00,0.17904631007340366,25.324135314254733
2020-01-01 11:00:00,0.16153173452774616,26.414555337650818
2020-01-01 11:30:00,0.16593159130811552,27.56013978226547
2020-01-01 12:00:00,0.16334786482245328,27.120580979458147
2020-01-01 12:30:00,0.17701501496834832,28.430706589951733
2020-01-01 13:00:00,0.15575340436961907,28.473307312762707
2020-01-01 13:30:00,0.17516936241206643,28.668934505265227
2020-01-01 14:00:00,0.15801095698954848,28.951805840338846
2020-01-01 14:30:00,0.1736741541230497,29.959364965296537
2020-01-01 15:00:00,0.1892569974508297,30.06245202716975
2020-01-01 15:30:00,0.18270854042146673,29.472263224981685
2020-01-01 16:00:00,0.19885589411767277,30.001623118149254
2020-01-01 16:30:00,0.20468427318874,28.699934216971176
2020-01-01 17:00:00,0.19497995687946618,29.267963156639883
2020-01-01 17:30:00,0.2052705263331168,29.575137017758465
2020-01-01 18:00:00,0.21571985318805706,28.804454481998835
2020-01-01 18:30:00,0.21446716074446126,28.78696552618825
2020-01-01 19:00:00,0.2130075119894602,28.931035890306603
2020-01-01 19:30:00,0.21904638673030516,27.849375116046083
2020-01-01 20:00:00,0.19193376163674458,27.88873178774216
2020-01-01 20:30:00,0.21929922171523297,26.227556701271983
2020-01-01 21:00:00,0.20166173680929486,26.550386777797307
2020-01-01 21:30:00,0.184686741814166,25.66416150684511
2020-01-01 22:00:00,0.18514852087451694,26.464006188292604
2020-01-01 22:30:00,0.19032799435029646,25.48352391715528
2020-01-01 23:00:00,0.16925280447390398,25.235969227245878
2020-01-01 23:30:00,0.17597727731999166,23.881108730382937
2020-01-02 00:00:00,0.14587192659991569,23.413824024335785
2020-01-02 00:30:00,0.15092918608084366,23.18628621743024
2020-01-02 01:00:00,0.15713401016637574,22.3281968381821
2020-01-02 01:30:00,0.16019196591005402,22.411973513643282
2020-01-02 02:00:00,0.13755744990092922,22.268371294464934
2020-01-02 02:30:00,0.1444906029607048,21.323150346154037
2020-01-02 03:00:00,0.15745451034821228,20.547581488181113
2020-01-02 03:30:00,0.1745441090116609,21.69398674582061
2020-01-02 04:00:00,0.17382108839145946,19.947005883244515
2020-01-02 04:30:00,0.17815658491889158,20.903235228398813
2020-01-02 05:00:00,0.1707334041546234,20.43126431893483
2020-01-02 05:30:00,0.18972326987217158,21.38747225454093
2020-01-02 06:00:00,0.19985830377989658,20.78504139673154
2020-01-02 06:30:00,0.2083124666027236,21.93362888718847
2020-01-02 07:00:00,0.22492948119446834,22.735241471610927
2020-01-02 07:30:00,0.21211469867247315,23.48010511493574
2020-01-02 08:00:00,0.20148058476238,24.33573358670752
2020-01-02 08:30:00,0.1987141897545182,23.224533280866105
2020-01-02 09:00:00,0.1750675318438108,24.174211730514852
2020-01-02 09:30:00,0.20550180318462452,25.25624910031299
2020-01-02 10:00:00,0.16774173933142353,25.837503873440657
2020-01-02 10:30:00,0.16308085084216248,25.938514662607467
2020-01-02 11:00:00,0.16080298634062615,27.25807916055407
2020-01-02 11:30:00,0.1601802348599438,27.865925360013662
2020-01-02 12:00:00,0.1503423887074849,27.902417380285147
2020-01-02 12:30:00,0.15768819091068975,29.170875627518395
2020-01-02 13:00:00,0.15596435007024112,28.40849755131102
2020-01-02 13:30:00,0.1619531112664919,29.614755088618107
2020-01-02 14:00:00,0.16780352257680423,29.845096492605993
2020-01-02 14:30:00,0.17190069877491782,29.344395466098536
2020-01-02 15:00:00,0.17874153573416027,30.54343793100355
2020-01-02 15:30:00,0.18002987401481152,30.730725355774666
2020-01-02 16:00:00,0.16970034439270482,29.265967934651794
2020-01-02 16:30:00,0.18604361164478272,29.2507083616135
2020-01-02 17:00:00,0.18638122715794264,29.46386045776416
2020-01-02 17:30:00,0.2169542116692413,28.89217344220438
2020-01-02 18:00:00,0.19641225268155207,28.641820086826232
2020-01-02 18:30:00,0.20749346417928388,27.71601972944486
2020-01-02 19:00:00,0.19873886470238783,27.874342340237426
2020-01-02 19:30:00,0.2157712691759589,27.03462092072309
2020-01-02 20:00:00,0.19655468044392277,27.26637717689848
2020-01-02 20:30:00,0.18735055890949373,27.354596032984006
2020-01-02 21:00:00,0.17902595291817663,26.57165804956159
2020-01-02 21:30:00,0.17016436003811003,24.629291484500353
2020-01-02 22:00:00,0.17094368811715008,24.24456529783801
2020-01-02 22:30:00,0.16992286008267163,24.70238937735647
2020-01-02 23:00:00,0.16026465960163375,23.181178202825247
2020-01-02 23:30:00,0.17497329801055464,22.74701181598903
2020-01-03 00:00:00,0.19602562816218322,22.216539175432786
2020-01-03 00:30:00,0.18495119183948927,22.054617589389036
2020-01-03 01:00:00,0.22417898029445563,22.807625860841227
2020-01-03 01:30:00,0.19582451308851612,22.074634123176555
2020-01-03 02:00:00,0.2047816903389334,22.032946654245855
2020-01-03 02:30:00,0.20327070595855132,21.08439847786846
2020-01-03 03:00:00,0.2142410525330068,20.908185349467498
2020-01-03 03:30:00,0.19586433488748647,21.943858554117597
2020-01-03 04:00:00,0.22334321854071248,20.727733833390687
2020-01-03 04:30:00,0.2255843398382972,22.787269387277284
2020-01-03 05:00:00,0.23107298525048567,21.85132978622493
2020-01-03 05:30:00,0.23045375282843128,20.818901327924863
2020-01-03 06:00:00,0.27770522212504845,22.483785967229213
2020-01-03 06:30:00,0.2683173009161482,22.235998217650955
2020-01-03 07:00:00,0.28005561390417394,23.097020819950863
2020-01-03 07:30:00,0.28900407607549167,23.33652788438538
2020-01-03 08:00:00,0.2515958016784099,24.210826116465757
2020-01-03 08:30:00,0.27326372303054053,24.457592622984908
2020-01-03 09:00:00,0.2577758264527825,25.4392539294983
2020-01-03 09:30:00,0.2597339048467239,24.708042499193613
2020-01-03 10:00:00,0.22731945604585696,25.67864000408877
2020-01-03 10:30:00,0.20356949875787755,26.213414405065336
2020-01-03 11:00:00,0.2120519618397288,27.47470558564505
2020-01-03 11:30:00,0.20295166763317482,27.807065051219016
2020-01-03 12:00:00,0.19976428893487583,28.460000269223382
2020-01-03 12:30:00,0.20224306449766583,28.985431768259836
2020-01-03 13:00:00,0.20050455849061075,29.119356075229717
2020-01-03 13:30:00,0.20932041455063422,29.69611770599537
2020-01-03 14:00:00,0.20815234915770375,30.491631333865364
2020-01-03 14:30:00,0.192660789944368,30.10443902342589
2020-01-03 15:00:00,0.22077122810291325,30.040593553019043
2020-01-03 15:30:00,0.21563366318997798,30.71436123146318
2020-01-03 16:00:00,0.2215259530889771,30.934972295869255
2020-01-03 16:30:00,0.2492428142734305,30.843091623895564
2020-01-03 17:00:00,0.24126139553539863,30.196463044368514
2020-01-03 17:30:00,0.24358768697615624,28.968675628868084
2020-01-03 18:00:00,0.2679499363661458,29.937666164008053
2020-01-03 18:30:00,0.2914042184799127,29.212953901406156
2020-01-03 19:00:00,0.2798988180187257,28.531472771082182
2020-01-03 19:30:00,0.2572953578682234,28.5120092581939
2020-01-03 20:00:00,0.2689780174988102,27.45749094981915
2020-01-03 20:30:00,0.22441580484834636,27.646681011213573
2020-01-03 21:00:00,0.24063844846731453,26.751329066661317
2020-01-03 21:30:00,0.23807831295928716,26.327706288051946
2020-01-03 22:00:00,0.20944296274104898,25.844892840617025
2020-01-03 22:30:00,0.20682927626772266,25.94911916623593
2020-01-03 23:00:00,0.2214642994914673,24.20125503704253
2020-01-03 23:30:00,0.19151005418340383,24.34598029622441
2020-01-04 00:00:00,0.1950716290542554,22.84373861001631
2020-01-04 00:30:00,0.18201313500482116,23.15802887567751
2020-01-04 01:00:00,0.1834931238250396,22.14939105394156
2020-01-04 01:30:00,0.20234230410627962,23.253808948569436
2020-01-04 02:00:00,0.19839655141768076,22.759086183504607
2020-01-04 02:30:00,0.18198511248456145,22.612690648480132
2020-01-04 03:00:00,0.1954487472377024,21.301174448514075
2020-01-04 03:30:00,0.2029604391048441,21.588963493632793
2020-01-04 04:00:00,0.19782554417299145,20.828279190925606
2020-01-04 04:30:00,0.20926808837650676,21.538505410737553
2020-01-04 05:00:00,0.23190279119099458,22.209285803655874
2020-01-04 05:30:00,0.22258103786356404,21.955731268224813
2020-01-04 06:00:00,0.2513869457876695,22.156282850788894
2020-01-04 06:30:00,0.23867046671184658,21.975760573810533
2020-01-04 07:00:00,0.2697341133680167,23.11341541815908
2020-01-04 07:30:00,0.2614938925491056,24.32565090426099
2020-01-04 08:00:00,0.25274218449712044,23.874206371351722
2020-01-04 08:30:00,0.2503202730405554,23.994265619979664
2020-01-04 09:00:00,0.24267659488435725,24.448689676737327
2020-01-04 09:30:00,0.22942501963193304,25.202681317980627
2020-01-04 10:00:00,0.2218879809835258,25.798864738148673
2020-01-04 10:30:00,0.2025852823378619,27.094161184280296
2020-01-04 11:00:00,0.21391225788871482,27.05658414578521
2020-01-04 11:30:00,0.20543559565136554,28.353349166814354
2020-01-04 12:00:00,0.19659569960515014,27.835184680234423
2020-01-04 12:30:00,0.18652907506233468,29.33017195672366
2020-01-04 13:00:00,0.1973446694018101,29.680595345152454
2020-01-04 13:30:00,0.1909427560920813,29.495117597263903
2020-01-04 14:00:00,0.20346387531906365,29.968089520953622
2020-01-04 14:30:00,0.20894344871564022,30.061580897950318
2020-01-04 15:00:00,0.19892278323512283,30.328740583323114
2020-01-04 15:30:00,0.21437494133347773,29.779770269151367
2020-01-04 16:00:00,0.2316090427410376,29.771363774605348
2020-01-04 16:30:00,0.24271601888123942,30.58112280674991
2020-01-04 17:00:00,0.2316031396640978,29.520858451903614
2020-01-04 17:30:00,0.23781313635596818,31.19522584650381
2020-01-04 18:00:00,0.27555332153763124,29.129169172960342
2020-01-04 18:30:00,0.24646504327848198,28.492232059855244
2020-01-04 19:00:00,0.2592770081887017,28.52921883435899
2020-01-04 19:30:00,0.27690645485909987,27.77298111308495
2020-01-04 20:00:00,0.24340018340701433,27.59811567564492
2020-01-04 20:30:00,0.2310933444936553,27.0893613790273
2020-01-04 21:00:00,0.22901269685247752,25.622980417595887
2020-01-04 21:30:00,0.2244380627379676,23.505439844826277
2020-01-04 22:00:00,0.19180890794542865,24.845272515052145
2020-01-04 22:30:00,0.19896920999628723,24.35178273066871
2020-01-04 23:00:00,0.18640142807996163,22.559677161142027
2020-01-04 23:30:00,0.20201523057101967,22.790948356512725
2020-01-05 00:00:00,0.1980016406081286,21.594316032994243
2020-01-05 00:30:00,0.184893361784603,22.644901049099364
2020-01-05 01:00:00,0.20088480702352746,22.13170516012731
2020-01-05 01:30:00,0.17875108766764283,21.918748580031444
2020-01-05 02:00:00,0.19867096039853166,22.021276757935514
2020-01-05 02:30:00,0.19745816888556245,21.711398106456443
2020-01-05 03:00:00,0.1934279537715728,21.51380657720162
2020-01-05 03:30:00,0.21363002623986244,21.974733611133054
2020-01-05 04:00:00,0.21299869724160206,21.714332265523723
2020-01-05 04:30:00,0.20732038833770539,21.363308112209378
2020-01-05 05:00:00,0.21399629410965068,20.899196121484284
2020-01-05 05:30:00,0.241042892529566,21.577337735532023
2020-01-05 06:00:00,0.2496275715515689,22.750709036199797
2020-01-05 06:30:00,0.2513941794266304,23.26340152112028
2020-01-05 07:00:00,0.2702508205703859,22.876855226410832
2020-01-05 07:30:00,0.25809406200680884,22.602316958947803
2020-01-05 08:00:00,0.27437950129539523,23.955852375506304
2020-01-05 08:30:00,0.276763717598873,25.16576326584121
2020-01-05 09:00:00,0.26007313679440636,25.20666109820586
2020-01-05 09:30:00,0.24789476989825257,26.528673501816296
2020-01-05 10:00:00,0.20674390749217997,26.254204749169485
2020-01-05 10:30:00,0.21517260687238776,27.667925603016727
2020-01-05 11:00:00,0.20588293684393455,27.116300584717482
2020-01-05 11:30:00,0.1978789084547152,28.751109011579636
2020-01-05 12:00:00,0.21680418723993528,28.952936297138987
2020-01-05 12:30:00,0.21340432013544947,30.313836823627167
2020-01-05 13:00:00,0.2101554474831413,30.835044449763977
2020-01-05 13:30:00,0.20927907223935058,30.67023147790279
2020-01-05 14:00:00,0.20361308263772002,31.5922291474173
2020-01-05 14:30:00,0.21170056682710375,31.82587014198053
2020-01-05 15:00:00,0.22013174544237993,32.06940773526024
2020-01-05 15:30:00,0.23014604191049018,31.389077753855208
2020-01-05 16:00:00,0.22660513257788287,32.660361330284054
2020-01-05 16:30:00,0.2505757981571607,30.684037207415116
2020-01-05 17:00:00,0.2616533083090589,30.828062964824767
2020-01-05 17:30:00,0.2778470273044367,30.74040742223223
2020-01-05 18:00:00,0.25805619787314193,30.07632817925981
2020-01-05 18:30:00,0.26451428411853106,29.438038353731898
2020-01-05 19:00:00,0.2706035993603692,29.144153305204863
2020-01-05 19:30:00,0.2587020749552846,28.583058297652382
2020-01-05 20:00:00,0.24836372589129754,28.27283601029716
2020-01-05 20:30:00,0.21288649680309002,28.432792588457158
2020-01-05 21:00:00,0.20493809181948627,26.526110291005256
2020-01-05 21:30:00,0.21575490978927758,26.753316732142274
2020-01-05 22:00:00,0.21245977319511197,27.00128022126799
2020-01-05 22:30:00,0.21631659945312617,25.84433898800454
2020-01-05 23:00:00,0.2225661512120923,26.02468024990735
2020-01-05 23:30:00,0.21092427046269224,24.47826935582328
2020-01-06 00:00:00,0.22842215376379205,24.120686010695472
2020-01-06 00:30:00,0.2244410319010119,23.52273601177043
2020-01-06 01:00:00,0.2369834006853948,23.964863811492915
2020-01-06 01:30:00,0.2362512675086772,22.895914742309024
2020-01-06 02:00:00,0.23609067301832348,22.36275072198789
2020-01-06 02:30:00,0.23125696002273122,21.22716469403788
2020-01-06 03:00:00,0.2441998935274469,22.395090377829586
2020-01-06 03:30:00,0.22972199098774845,21.943242077144898
2020-01-06 04:00:00,0.25633104886012914,22.155281646929527
2020-01-06 04:30:00,0.25076287843621425,21.582542248075836
2020-01-06 05:00:00,0.27849963335456496,22.620654511085306
2020-01-06 05:30:00,0.28114915483837344,22.462839726504022
2020-01-06 06:00:00,0.2719858011507049,23.131879384841696
2020-01-06 06:30:00,0.3072662826203626,22.652312387285484
2020-01-06 07:00:00,0.2974404372843594,24.860096816608056
2020-01-06 07:30:00,0.33382264930441524,26.162811816262163
2020-01-06 08:00:00,0.3188284250409833,26.260611655545606
2020-01-06 08:30:00,0.330557849517513,25.897218011714006
2020-01-06 09:00:00,0.2855972219273002,26.834578803229448
2020-01-06 09:30:00,0.2821758577740892,27.213298428395575
2020-01-06 10:00:00,0.26748807801473967,26.805752079384924
2020-01-06 10:30:00,0.23993533554406804,27.004404453276948
2020-01-06 11:00:00,0.24964115247734547,28.66251981188987
2020-01-06 11:30:00,0.24278257366491984,28.86900999673806
2020-01-06 12:00:00,0.23958835758629773,29.18072267945064
2020-01-06 12:30:00,0.2181871022989178,29.548681273928782
2020-01-06 13:00:00,0.2256898605721063,29.794475683477856
2020-01-06 13:30:00,0.22909714497062347,29.007350791147765
2020-01-06 14:00:00,0.2232317367050014,30.13421750343705
2020-01-06 14:30:00,0.24871618397011844,30.587472128146782
2020-01-06 15:00:00,0.24711986366675961,31.52877639472527
2020-01-06 15:30:00,0.22872218660105212,30.855072677117494
2020-01-06 16:00:00,0.26779064032853317,30.776992201759178
2020-01-06 16:30:00,0.2869223454125592,30.795080899235145
2020-01-06 17:00:00,0.27535665708877166,30.248397239170206
2020-01-06 17:30:00,0.29606679730153584,31.01133024101119
2020-01-06 18:00:00,0.3135639192402984,30.382514801492352
2020-01-06 18:30:00,0.2916411278073252,30.677449573491664
2020-01-06 19:00:00,0.2903529266424607,30.52664475035743
2020-01-06 19:30:00,0.28371298902864756,29.948897821462534
2020-01-06 20:00:00,0.2985487869607947,28.31571819741736
2020-01-06 20:30:00,0.2616417413727043,28.37181344980189
2020-01-06 21:00:00,0.29224424340824545,27.648913129953154
2020-01-06 21:30:00,0.2731356779514195,26.34517816731111
2020-01-06 22:00:00,0.2671658716747941,25.66483550040379
2020-01-06 22:30:00,0.25841616198001305,26.416040106628195
2020-01-06 23:00:00,0.2417186875792118,25.869246762633082
2020-01-06 23:30:00,0.23084629681983407,24.820928021499725
2020-01-07 00:00:00,0.22803050811754874,25.19311288283175
2020-01-07 00:30:00,0.24036338769753632,23.756467126583278
2020-01-07 01:00:00,0.2453871288936444,24.08800213320719
2020-01-07 01:30:00,0.23964945509130234,23.14552156689585
2020-01-07 02:00:00,0.24621136394431084,23.27921986756072
2020-01-07 02:30:00,0.24181640795271983,23.85843499317139
2020-01-07 03:00:00,0.23293234706849827,22.397460251744736
2020-01-07 03:30:00,0.25392218198371774,23.486830858060916
2020-01-07 04:00:00,0.22486502846695572,23.388795929438064
2020-01-07 04:30:00,0.2569746183430043,22.318824727064616
2020-01-07 05:00:00,0.2751455213167594,23.349667319934376
2020-01-07 05:30:00,0.2528066270487943,23.15896652873524
2020-01-07 06:00:00,0.29623473071373735,24.303568595109173
2020-01-07 06:30:00,0.3230717347928994,25.812470642485668
2020-01-07 07:00:00,0.27551269471309336,24.731152035034334
2020-01-07 07:30:00,0.32298864752291667,26.816774760112843
2020-01-07 08:00:00,0.3001258760313453,26.250897040051314
2020-01-07 08:30:00,0.2895274588838807,27.621517381648854
2020-01-07 09:00:00,0.2802335725768139,26.103457081962727
2020-01-07 09:30:00,0.29510789122423425,28.52599975575802
2020-01-07 10:00:00,0.25744885789999317,29.349448370966215
2020-01-07 10:30:00,0.2412483279527695,29.584047137513465
2020-01-07 11:00:00,0.24799540011612065,29.662096757772247
2020-01-07 11:30:00,0.24359576360709229,30.433215449004628
2020-01-07 12:00:00,0.21470427392095603,30.39245494508045
2020-01-07 12:30:00,0.23240200836189512,30.25479083814763
2020-01-07 13:00:00,0.2463583363770831,31.525729472827265
2020-01-07 13:30:00,0.2390727817768023,31.51625699232943
2020-01-07 14:00:00,0.21253159883068135,32.15488583474948
2020-01-07 14:30:00,0.2517048905407794,33.14128917175824
2020-01-07 15:00:00,0.25331376118022025,32.981607822572755
2020-01-07 15:30:00,0.2676212344674092,32.86561627601206
2020-01-07 16:00:00,0.27070248572553585,32.463913329871446
2020-01-07 16:30:00,0.26876509299933904,32.10392569664813
2020-01-07 17:00:00,0.28046370603023296,32.49978374470276
2020-01-07 17:30:00,0.3098396098645557,31.613289804146646
2020-01-07 18:00:00,0.2928911189505359,32.03700209462245
2020-01-07 18:30:00,0.28683435568628074,30.933111582306783
2020-01-07 19:00:00,0.3260742146941431,30.845427483720364
2020-01-07 19:30:00,0.30061392656410907,31.04369470295446
2020-01-07 20:00:00,0.29619930197788225,30.78671389932766
2020-01-07 20:30:00,0.2615058954625539,30.119824006664647
2020-01-07 21:00:00,0.2576374124886956,29.332094573637562
2020-01-07 21:30:00,0.256565256891566,27.601004695164054
2020-01-07 22:00:00,0.2660885707332707,27.601541582371848
2020-01-07 22:30:00,0.24208342132387053,27.205433171513487
2020-01-07 23:00:00,0.22129501108638702,26.692643776992785
2020-01-07 23:30:00,0.23510837682066896,25.26896458754344
2020-01-08 00:00:00,0.2333195326036982,24.19502312449389
2020-01-08 00:30:00,0.2406568850201612,24.712251988535797
2020-01-08 01:00:00,0.234108350157771,24.337693747780204
2020-01-08 01:30:00,0.20615504866746898,23.29872743828266
2020-01-08 02:00:00,0.22650941209657163,23.234939179359834
2020-01-08 02:30:00,0.23764152464171523,22.89377386142094
2020-01-08 03:00:00,0.2390551418750345,22.47256469777696
2020-01-08 03:30:00,0.2397513573398546,22.847289489983183
2020-01-08 04:00:00,0.22165198833121708,22.674247096921377
2020-01-08 04:30:00,0.24160001799941294,22.824807077053322
2020-01-08 05:00:00,0.2566568210083098,23.469788258067698
2020-01-08 05:30:00,0.26312032422025206,23.088088422221375
2020-01-08 06:00:00,0.27040887800716085,25.16126368815196
2020-01-08 06:30:00,0.3100522963393645,23.65254376135005
2020-01-08 07:00:00,0.29792584714277054,25.838603800148945
2020-01-08 07:30:00,0.32208708971173566,25.000546064141155
2020-01-08 08:00:00,0.307017460908926,25.465519994782344
2020-01-08 08:30:00,0.3120216272407187,25.600303129309587
2020-01-08 09:00:00,0.29877144008158907,26.21108967343656
2020-01-08 09:30:00,0.2626017183285054,28.150160071080037
2020-01-08 10:00:00,0.2571990544602734,28.608601699260177
2020-01-08 10:30:00,0.2481020436901404,29.350141085420358
2020-01-08 11:00:00,0.22098856739593267,31.14196194667165
2020-01-08 11:30:00,0.23918605515601282,29.57265793307201
2020-01-08 12:00:00,0.2228571889986741,31.256578936689696
2020-01-08 12:30:00,0.23810502550841436,30.68496921099033
2020-01-08 13:00:00,0.21499623198423762,31.589462342160434
2020-01-08 13:30:00,0.2159914703948983,31.168492293519957
2020-01-08 14:00:00,0.25137389400424487,32.50232161042308
2020-01-08 14:30:00,0.2227939690143408,31.85987283760692
2020-01-08 15:00:00,0.23041085391823157,32.09781526355637
2020-01-08 15:30:00,0.2745345404621979,32.18161514775562
2020-01-08 16:00:00,0.256667321150761,31.808257846669758
2020-01-08 16:30:00,0.23383236078804032,31.13906066768388
2020-01-08 17:00:00,0.2511561123922697,30.812208873954177
2020-01-08 17:30:00,0.2797019159414336,30.843065675029496
2020-01-08 18:00:00,0.3029168738559467,29.87418160240799
2020-01-08 18:30:00,0.29392774912920006,30.157873953762405
2020-01-08 19:00:00,0.2721220554009512,30.7071581865639
2020-01-08 19:30:00,0.312181874404862,29.50206800985296
2020-01-08 20:00:00,0.3186146422828608,30.115399007479294
2020-01-08 20:30:00,0.2635311264413696,28.190363757493753
2020-01-08 21:00:00,0.2695685525286341,27.654873185961232
2020-01-08 21:30:00,0.2809395182633797,27.109764513866857
2020-01-08 22:00:00,0.22784269235509147,25.989563980305043
2020-01-08 22:30:00,0.2554255101405276,25.768581907196356
2020-01-08 23:00:00,0.2240168786686765,25.605993224676414
2020-01-08 23:30:00,0.21884963743166544,25.378574224818895
2020-01-09 00:00:00,0.21289965390436205,24.62194451336683
2020-01-09 00:30:00,0.22332528359224862,22.552820960330372
2020-01-09 01:00:00,0.2085984552966238,23.596198762550923
2020-01-09 01:30:00,0.22072794668046491,22.912109753168814
2020-01-09 02:00:00,0.20222304354540446,22.83878932827406
2020-01-09 02:30:00,0.22273087089813592,21.571203119894342
2020-01-09 03:00:00,0.20389135282563486,21.25967406855689
2020-01-09 03:30:00,0.21931817520983443,21.356358153103486
2020-01-09 04:00:00,0.2253769297593382,21.324727728787227
2020-01-09 04:30:00,0.22162022356716266,21.148794602321054
2020-01-09 05:00:00,0.24190296650903007,21.162745871845186
2020-01-09 05:30:00,0.2405920375018938,21.328317008070893
2020-01-09 06:00:00,0.27636054893661066,21.76761743289537
2020-01-09 06:30:00,0.2886026515869108,20.47392201472476
2020-01-09 07:00:00,0.28271791194929946,22.132943486760063
2020-01-09 07:30:00,0.3047243620690333,22.528260552720074
2020-01-09 08:00:00,0.27297610259003696,23.485834046444246
2020-01-09 08:30:00,0.26471541020494815,24.054202351328037
2020-01-09 09:00:00,0.2768694316266689,24.63496514813369
2020-01-09 09:30:00,0.24671600057019558,25.5633482768292
2020-01-09 10:00:00,0.24076710740547244,26.6048579903373
2020-01-09 10:30:00,0.22678207521522253,26.476923249846983
2020-01-09 11:00:00,0.22214491178176965,27.71689445756892
2020-01-09 11:30:00,0.21407216930974698,27.964462528144228
2020-01-09 12:00:00,0.20437405931449235,28.942838434347845
2020-01-09 12:30:00,0.2328649803298608,28.784637283912577
2020-01-09 13:00:00,0.20077483530693563,29.361663319427922
2020-01-09 13:30:00,0.20897427331819524,28.420068695725828
2020-01-09 14:00:00,0.22017152137067877,29.817590892411758
2020-01-09 14:30:00,0.21280611961596452,28.844789756114253
2020-01-09 15:00:00,0.22532138863565632,28.994040048197316
2020-01-09 15:30:00,0.24199496777947072,29.465316504256656
2020-01-09 16:00:00,0.2432244345665224,29.72335831936556
2020-01-09 16:30:00,0.25563049111954206,30.03361738261658
2020-01-09 17:00:00,0.26811787111005425,29.862125844384657
2020-01-09 17:30:00,0.27385474768932955,28.721795087010353
2020-01-09 18:00:00,0.2731185329896618,27.47798844358059
2020-01-09 18:30:00,0.28283147439486667,28.000971136165578
2020-01-09 19:00:00,0.2626703010507473,27.267627040156366
2020-01-09 19:30:00,0.2610022499613836,27.20770229404062
2020-01-09 20:00:00,0.2468858622349383,25.689890264043946
2020-01-09 20:30:00,0.2519202508992157,26.460252256361514
2020-01-09 21:00:00,0.25122542523975155,25.750912648151825
2020-01-09 21:30:00,0.2276741648574784,25.365819485085595
2020-01-09 22:00:00,0.2322614645713791,24.363059080386645
2020-01-09 22:30:00,0.23643495151165034,23.98201678159682
2020-01-09 23:00:00,0.21859891356769143,23.56078507166072
2020-01-09 23:30:00,0.20199162791078512,22.894771190875243
2020-01-10 00:00:00,0.23918638773144377,22.699021171001554
2020-01-10 00:30:00,0.23146287260838366,22.325351686149798
2020-01-10 01:00:00,0.21892085640350195,21.7444478541314
2020-01-10 01:30:00,0.21453401003515832,21.53944630719304
2020-01-10 02:00:00,0.2522288959093263,20.91408750753009
2020-01-10 02:30:00,0.23678525712174534,21.69044089120523
2020-01-10 03:00:00,0.22036677795604195,20.927436133614336
2020-01-10 03:30:00,0.24512296792639307,20.89676827632604
2020-01-10 04:00:00,0.24271363829703563,21.036267694421447
2020-01-10 04:30:00,0.24418292054035867,21.443407912810798
2020-01-10 05:00:00,0.25547228297404606,21.35508701550975
2020-01-10 05:30:00,0.2616356508811952,21.867417379353718
2020-01-10 06:00:00,0.29044633671400644,21.264151131783525
2020-01-10 06:30:00,0.2944118579297725,21.6661775723702
2020-01-10 07:00:00,0.29780989055400386,23.137752448287863
2020-01-10 07:30:00,0.32166905653600697,23.714700815138112
2020-01-10 08:00:00,0.3178593093537073,24.708151620240287
2020-01-10 08:30:00,0.28848745503235473,25.169919983719765
2020-01-10 09:00:00,0.2552919795122065,24.241422211961325
2020-01-10 09:30:00,0.2750388364203519,25.13759403552786
2020-01-10 10:00:00,0.2766953522514819,25.816782400987407
2020-01-10 10:30:00,0.25415496462804965,27.438305769512024
2020-01-10 11:00:00,0.23567428141830543,26.908770515847348
2020-01-10 11:30:00,0.2300942841642904,27.983581368177553
2020-01-10 12:00:00,0.22288849228694402,28.119735469733705
2020-01-10 12:30:00,0.23439038058893286,29.17747444205463
2020-01-10 13:00:00,0.20962679269439613,30.06496621274232
2020-01-10 13:30:00,0.26684719303842036,30.699514958376973
2020-01-10 14:00:00,0.24269731103613865,30.98270897990898
2020-01-10 14:30:00,0.2371859421410399,31.24672174833801
2020-01-10 15:00:00,0.23414328061424095,30.68430052480984
2020-01-10 15:30:00,0.26391071152457457,29.606668121573076
2020-01-10 16:00:00,0.26611465756402586,30.607149642778946
2020-01-10 16:30:00,0.2504648152053279,29.953277089508013
2020-01-10 17:00:00,0.29611963569297656,30.062889860963494
2020-01-10 17:30:00,0.2756744071838923,30.242255211553772
2020-01-10 18:00:00,0.32876024184739294,30.192995433204263
2020-01-10 18:30:00,0.33557880989133143,29.720719343154357
2020-01-10 19:00:00,0.3088476875746032,28.30857453595558
2020-01-10 19:30:00,0.2988642824281437,27.75122493939948
2020-01-10 20:00:00,0.28334868095401156,27.68462348862953
2020-01-10 20:30:00,0.2812845397809924,25.417718907708583
2020-01-10 21:00:00,0.2803416457562988,25.898304251378626
2020-01-10 21:30:00,0.26948148992754384,26.20722951460665
2020-01-10 22:00:00,0.2539458649549704,25.97243020906882
2020-01-10 22:30:00,0.24281260901111806,24.645804441408252
2020-01-10 23:00:00,0.24459776665627142,23.64418737982458
2020-01-10 23:30:00,0.21342232142573966,24.161114581551416
2020-01-11 00:00:00,0.2120012380042705,23.581775942715794
2020-01-11 00:30:00,0.21038134920147533,23.283378396260197
2020-01-11 01:00:00,0.18822899984776517,22.946028857935897
2020-01-11 01:30:00,0.21157789836570137,22.09997999969555
2020-01-11 02:00:00,0.20943588938516416,21.634555059403972
2020-01-11 02:30:00,0.1904923078774508,21.510235786472858
2020-01-11 03:00:00,0.21354723089401093,21.681515911146747
2020-01-11 03:30:00,0.2073207888950475,21.909792756387997
2020-01-11 04:00:00,0.198458765110986,20.305164139676986
2020-01-11 04:30:00,0.19794475048616758,20.84691530247311
2020-01-11 05:00:00,0.23872776586728134,22.000438221467338
2020-01-11 05:30:00,0.281283742812223,21.847087716703303
2020-01-11 06:00:00,0.2667461448169956,21.56700089455724
2020-01-11 06:30:00,0.2598554190447752,21.52527507243026
2020-01-11 07:00:00,0.2568513420025099,22.002952616683224
2020-01-11 07:30:00,0.28472367740401555,23.13606204543698
2020-01-11 08:00:00,0.2869717622936889,22.942912457417066
2020-01-11 08:30:00,0.26679611045187185,23.956279824128334
2020-01-11 09:00:00,0.2771235171355462,24.041220619453316
2020-01-11 09:30:00,0.2374664835114137,24.229762888163137
2020-01-11 10:00:00,0.24584721468469706,25.88855749033599
2020-01-11 10:30:00,0.24180826218357765,25.129370963359186
2020-01-11 11:00:00,0.20364177805763048,26.48800162428689
2020-01-11 11:30:00,0.20003727700942994,27.307605910536694
2020-01-11 12:00:00,0.18927538330482302,27.593396421209043
2020-01-11 12:30:00,0.2008904914971994,28.628776796398476
2020-01-11 13:00:00,0.20697122842176444,27.912677407310724
2020-01-11 13:30:00,0.2056400586042005,28.523167180575648
2020-01-11 14:00:00,0.2185043074098027,28.99215807786156
2020-01-11 14:30:00,0.19077985349354398,29.76921022745617
2020-01-11 15:00:00,0.21165141401459195,28.592501840211007
2020-01-11 15:30:00,0.19699998751225412,29.307888760320168
2020-01-11 16:00:00,0.21825677036389088,28.62563755702586
2020-01-11 16:30:00,0.23440636219511565,29.732175968097213
2020-01-11 17:00:00,0.25382412138258814,27.22477360596569
2020-01-11 17:30:00,0.25054584641601635,27.835869390528664
2020-01-11 18:00:00,0.2516663865827606,27.036153720840264
2020-01-11 18:30:00,0.2870262390547153,28.043905075442527
2020-01-11 19:00:00,0.265703151667391,26.425076633420616
2020-01-11 19:30:00,0.24009773918556884,26.429309729386425
2020-01-11 20:00:00,0.21317636768764148,26.238851964194403
2020-01-11 20:30:00,0.25298324798389504,24.703607522852522
2020-01-11 21:00:00,0.19850681064884526,24.481159282385992
2020-01-11 21:30:00,0.22353771622996255,23.722880063940064
2020-01-11 22:00:00,0.2186209984717388,23.227577440586938
2020-01-11 22:30:00,0.22710695626684052,22.87248085561407
2020-01-11 23:00:00,0.2074652653992833,22.41573560214816
2020-01-11 23:30:00,0.20766819927142008,22.516858437968498
2020-01-12 00:00:00,0.20517370801845747,21.93124946082789
2020-01-12 00:30:00,0.1986013432104521,22.433529673004667
2020-01-12 01:00:00,0.189189643845991,22.151068303496885
2020-01-12 01:30:00,0.18602035382811552,20.943849712518446
2020-01-12 02:00:00,0.19981599910844852,20.07290823459858
2020-01-12 02:30:00,0.18723728972860013,20.601649068468223
2020-01-12 03:00:00,0.20411832546889785,20.323744329587583
2020-01-12 03:30:00,0.19611862535419086,21.236814660841915
2020-01-12 04:00:00,0.21095923916616663,20.192416459991676
2020-01-12 04:30:00,0.23283667052926083,20.55547897079943
2020-01-12 05:00:00,0.2226306675727412,20.652553096395646
2020-01-12 05:30:00,0.24757132202840024,20.935604288447884
2020-01-12 06:00:00,0.250812624985663,21.09735357398693
2020-01-12 06:30:00,0.2740205139953554,21.3338690702189
2020-01-12 07:00:00,0.28021203213092993,21.962006647569307
2020-01-12 07:30:00,0.23773175894658025,22.224392438517416
2020-01-12 08:00:00,0.26781803769608076,22.781594947537027
2020-01-12 08:30:00,0.2726401456655428,24.773984681087345
2020-01-12 09:00:00,0.25525982928324387,25.60819521241341
2020-01-12 09:30:00,0.23989892518495218,25.41932485393611
2020-01-12 10:00:00,0.2211215913769975,25.308364769460187
2020-01-12 10:30:00,0.217154652166995,26.255394885245757
2020-01-12 11:00:00,0.18798214769720223,25.49994050107511
2020-01-12 11:30:00,0.18724705020118676,26.811627463301527
2020-01-12 12:00:00,0.2190986787174473,27.589312187156114
2020-01-12 12:30:00,0.2054812679819482,27.859530108196118
2020-01-12 13:00:00,0.20035172219362607,28.388299320709105
2020-01-12 13:30:00,0.18296044643767376,27.96787026560899
2020-01-12 14:00:00,0.20469798118871746,28.106124103883523
2020-01-12 14:30:00,0.21044161852121543,28.709281479316083
2020-01-12 15:00:00,0.21367611541953954,28.9330610557064
2020-01-12 15:30:00,0.22346304435430145,29.229903286186673
2020-01-12 16:00:00,0.2288933324557177,28.114711741997116
2020-01-12 16:30:00,0.2430183528816484,27.692333936485994
2020-01-12 17:00:00,0.24072475616967165,28.705945086141643
2020-01-12 17:30:00,0.2600583142106479,28.415953636310917
2020-01-12 18:00:00,0.26576353816811255,28.901598195346292
2020-01-12 18:30:00,0.24734424739182334,28.065429989752033
2020-01-12 19:00:00,0.23684919375818264,26.395474383891866
2020-01-12 19:30:00,0.23565388053399017,25.576302031991084
2020-01-12 20:00:00,0.23701853340533818,25.354598543157266
2020-01-12 20:30:00,0.26153832179421455,24.918393126644094
2020-01-12 21:00:00,0.22210545595548484,23.53622062769591
2020-01-12 21:30:00,0.23792356521150276,22.61354428313615
2020-01-12 22:00:00,0.21879231984689973,23.211818130319386
2020-01-12 22:30:00,0.1959287723386994,22.150424054772227
2020-01-12 23:00:00,0.20213612894747535,22.115708148462463
2020-01-12 23:30:00,0.2201794307676624,20.420533338175026
2020-01-13 00:00:00,0.21754629450907073,20.7099631467507
2020-01-13 00:30:00,0.20840282858622425,20.851880689363433
2020-01-13 01:00:00,0.2306061134744869,19.54481996332655
2020-01-13 01:30:00,0.23957698728311572,18.96148222923779
2020-01-13 02:00:00,0.2121134782659052,18.933398432237027
2020-01-13 02:30:00,0.24769794880087037,19.104688504976004
2020-01-13 03:00:00,0.23790236077959126,19.136527441280283
2020-01-13 03:30:00,0.26440192076836816,19.532885663159743
2020-01-13 04:00:00,0.23120120090499793,20.224715271556576
2020-01-13 04:30:00,0.26005581425568647,19.96412448629696
2020-01-13 05:00:00,0.27995284212284355,19.993760305549188
2020-01-13 05:30:00,0.2707470123900672,20.31655283716405
2020-01-13 06:00:00,0.2701117707527572,20.244155677716776
2020-01-13 06:30:00,0.33423326433322925,20.546490516094607
2020-01-13 07:00:00,0.2891991681161265,21.68770363837342
2020-01-13 07:30:00,0.31310729664283293,22.17863279476967
2020-01-13 08:00:00,0.27720446484138545,21.730454839678547
2020-01-13 08:30:00,0.31387822134560817,23.20006798700133
2020-01-13 09:00:00,0.33280984348733444,22.53820096815282
2020-01-13 09:30:00,0.25159329936021546,24.03589384398277
2020-01-13 10:00:00,0.2918824702414892,25.20774930273369
2020-01-13 10:30:00,0.26895337775478606,25.223099874264157
2020-01-13 11:00:00,0.25725686931363184,26.273090274404307
2020-01-13 11:30:00,0.22615400486458032,26.173018250357746
2020-01-13 12:00:00,0.252860772514256,27.035932735203737
2020-01-13 12:30:00,0.2521116008911476,26.805127614746173
2020-01-13 13:00:00,0.23983606546838365,27.955608224199164
2020-01-13 13:30:00,0.2414170024173562,27.197292079177913
2020-01-13 14:00:00,0.255520357782036,27.746177481955016
2020-01-13 14:30:00,0.23993625698559062,28.000282044330827
2020-01-13 15:00:00,0.25746919207930735,28.566256663808606
2020-01-13 15:30:00,0.26844239569831335,27.518296935265216
2020-01-13 16:00:00,0.2520398544809059,28.82635778083156
2020-01-13 16:30:00,0.2904433671858339,28.595051473586445
2020-01-13 17:00:00,0.31968137674525066,27.35140794562916
2020-01-13 17:30:00,0.3010716633744745,27.33493948220537
2020-01-13 18:00:00,0.29911627192887535,27.86462611826764
2020-01-13 18:30:00,0.31074729108008514,26.441350701239266
2020-01-13 19:00:00,0.33080693563182806,26.001765592742295
2020-01-13 19:30:00,0.3120444103551205,27.432829549396047
2020-01-13 20:00:00,0.2793947886444721,25.72059124945393
2020-01-13 20:30:00,0.2706877667953543,24.753861008006414
2020-01-13 21:00:00,0.26973567277721566,23.84729765542084
2020-01-13 21:30:00,0.26058784906999705,23.54823969038271
2020-01-13 22:00:00,0.2543799231342101,24.32353307132939
2020-01-13 22:30:00,0.23517434842117158,23.372261022513875
2020-01-13 23:00:00,0.22729998462765555,20.98004735402083
2020-01-13 23:30:00,0.22478380181831784,21.51222025623515
2020-01-14 00:00:00,0.23657239559147425,21.181528909064685
2020-01-14 00:30:00,0.25664292759115376,21.216337731990183
2020-01-14 01:00:00,0.23647248520812314,20.574580078412616
2020-01-14 01:30:00,0.201328297964985,21.233587490504036
2020-01-14 02:00:00,0.22423993832912656,20.556366913669734
2020-01-14 02:30:00,0.25591645546569247,20.575606038392262
2020-01-14 03:00:00,0.2415893602507032,21.147242450910372
2020-01-14 03:30:00,0.2479011927393616,19.83915883396284
2020-01-14 04:00:00,0.24984394261792947,19.41783365879039
2020-01-14 04:30:00,0.25145487478089745,19.93075813013236
2020-01-14 05:00:00,0.2583598099521871,19.000766183739685
2020-01-14 05:30:00,0.2945882047355001,19.753723022758866
2020-01-14 06:00:00,0.2829268033964676,21.765282236024387
2020-01-14 06:30:00,0.2997241982267789,21.07566745117801
2020-01-14 07:00:00,0.31842780664998804,22.388928103020138
2020-01-14 07:30:00,0.3375406587890673,23.287250113819873
2020-01-14 08:00:00,0.33070229858957945,23.67372194007784
2020-01-14 08:30:00,0.318883453450755,24.743549366305338
2020-01-14 09:00:00,0.29929568960007763,23.872884734453223
2020-01-14 09:30:00,0.2648615546965194,24.590513520943187
2020-01-14 10:00:00,0.26557778031151935,26.94132415635771
2020-01-14 10:30:00,0.27649599839003086,27.068456606329395
2020-01-14 11:00:00,0.23175713817559052,27.797804788297544
2020-01-14 11:30:00,0.2434264694536509,29.63346300728829
2020-01-14 12:00:00,0.24277770224662804,28.273859821561743
2020-01-14 12:30:00,0.23704865902930786,28.33453483442897
2020-01-14 13:00:00,0.2426906088841916,30.383101734695455
2020-01-14 13:30:00,0.23652228813180157,29.69900395241821
2020-01-14 14:00:00,0.2639398091502461,30.125279478289933
2020-01-14 14:30:00,0.2691490322428495,30.564197676359147
2020-01-14 15:00:00,0.2531731712856567,30.573749260669693
2020-01-14 15:30:00,0.2651815286855382,31.545578702542553
2020-01-14 16:00:00,0.26900166337484543,31.343677234529707
2020-01-14 16:30:00,0.2677507940967201,30.252746255278893
2020-01-14 17:00:00,0.30208728556743103,30.543433781565447
2020-01-14 17:30:00,0.296404260610374,30.247108273458693
2020-01-14 18:00:00,0.3036651335043373,30.24088705412082
2020-01-14 18:30:00,0.32953091108613075,29.858761708368963
2020-01-14 19:00:00,0.30355098316653345,28.971557305941314
2020-01-14 19:30:00,0.2828274400374712,27.603780698160485
2020-01-14 20:00:00,0.2764517828031502,28.302298433829264
2020-01-14 20:30:00,0.28196971884764543,27.425506635349237
2020-01-14 21:00:00,0.25520378777403874,27.283868020029267
2020-01-14 21:30:00,0.2879241010455048,26.734376894590934
2020-01-14 22:00:00,0.25625969234391055,25.777765046226715
2020-01-14 22:30:00,0.24741325901655897,25.506442177558515
2020-01-14 23:00:00,0.25083509469653803,24.422909176495903
2020-01-14 23:30:00,0.26263787425122403,23.716075739747968
2020-01-15 00:00:00,0.23965695573873752,23.261875807339543
2020-01-15 00:30:00,0.2371553072930196,22.911236936719053
2020-01-15 01:00:00,0.2162122131196317,21.95802685530179
2020-01-15 01:30:00,0.22107104450402212,21.68443603603226
2020-01-15 02:00:00,0.23319610306128127,21.209280060210542
2020-01-15 02:30:00,0.24886700041237916,21.504451194261772
2020-01-15 03:00:00,0.2317563216288079,21.951953201010973
2020-01-15 03:30:00,0.22244202182386658,21.695855012148698
2020-01-15 04:00:00,0.23803445480512148,22.02232253674388
2020-01-15 04:30:00,0.2341470113761879,21.694873989892404
2020-01-15 05:00:00,0.28434660015192803,22.310108119819127
2020-01-15 05:30:00,0.293566397128408,23.21526949651142
2020-01-15 06:00:00,0.28700945565534863,22.135262548473246
2020-01-15 06:30:00,0.31301659581067043,23.551932661950776
2020-01-15 07:00:00,0.3136143385151381,23.73449849573549
2020-01-15 07:30:00,0.2950789213859407,24.486116057296506
2020-01-15 08:00:00,0.33488897212134006,24.604629663575803
2020-01-15 08:30:00,0.3240978111630346,25.810545578349615
2020-01-15 09:00:00,0.2866955525433081,25.745904642488807
2020-01-15 09:30:00,0.2634834055938456,26.251282630250483
2020-01-15 10:00:00,0.24095473933438724,26.717649956333517
2020-01-15 10:30:00,0.2644221296490343,26.557958187043397
2020-01-15 11:00:00,0.21648581425099842,28.98908136915328
2020-01-15 11:30:00,0.22149100148599316,28.59844478250374
2020-01-15 12:00:00,0.23515392130836768,29.60109771991758
2020-01-15 12:30:00,0.2449906544594485,29.72903800026374
2020-01-15 13:00:00,0.2400653796929089,30.25136364644988
2020-01-15 13:30:00,0.21753186771884983,29.605394031371226
2020-01-15 14:00:00,0.25786320142682223,29.773447542082142
2020-01-15 14:30:00,0.25505859981394347,29.304476539247844
2020-01-15 15:00:00,0.2635148552134869,30.55146345528689
2020-01-15 15:30:00,0.2707908868956113,29.24128768392748
2020-01-15 16:00:00,0.2829041818185655,29.813205441931384
2020-01-15 16:30:00,0.3036314050898246,29.97048528457195
2020-01-15 17:00:00,0.28849876865644947,29.626244797953134
2020-01-15 17:30:00,0.28289072898454265,29.38988624901759
2020-01-15 18:00:00,0.2970258731807247,28.56411585937025
2020-01-15 18:30:00,0.2846300079969266,29.298480795078646
2020-01-15 19:00:00,0.2732566140687391,29.55878297127859
2020-01-15 19:30:00,0.3012902567774838,28.113562106235726
2020-01-15 20:00:00,0.2707227246977607,27.717869580761903
2020-01-15 20:30:00,0.288849842944155,26.854722644525374
2020-01-15 21:00:00,0.2892713552825899,27.7320437384929
2020-01-15 21:30:00,0.25176683066381794,26.96593592139079
2020-01-15 22:00:00,0.24950420419574756,25.28451907895578
2020-01-15 22:30:00,0.24289925725912498,25.45900802031655
2020-01-15 23:00:00,0.2285854089007637,24.400036718363772
2020-01-15 23:30:00,0.2269249739092939,23.993150256292537
2020-01-16 00:00:00,0.23687900343239846,22.752707805231076
2020-01-16 00:30:00,0.25179326444244216,23.29456141667379
2020-01-16 01:00:00,0.2434282565291941,22.142998235510866
2020-01-16 01:30:00,0.2593809813225517,21.282627061541724
2020-01-16 02:00:00,0.21758939010964118,22.092932233304396
2020-01-16 02:30:00,0.2642390140039669,21.731890144705297
2020-01-16 03:00:00,0.2678962877472282,23.139994010227877
2020-01-16 03:30:00,0.25098593834439387,20.79922731225991
2020-01-16 04:00:00,0.2722551587312021,21.877964251669642
2020-01-16 04:30:00,0.22325113784208445,22.292921621770375
2020-01-16 05:00:00,0.25844272301270904,21.217458923224186
2020-01-16 05:30:00,0.27783343833680607,21.8846822234161
2020-01-16 06:00:00,0.3099137735208755,22.51377933949849
2020-01-16 06:30:00,0.35469498593610904,23.674277744770997
2020-01-16 07:00:00,0.3156645047466776,24.550898206048206
2020-01-16 07:30:00,0.32879363155579927,24.565885529054675
2020-01-16 08:00:00,0.3374363584278316,25.25229942681917
2020-01-16 08:30:00,0.31711693535948604,24.699743082989535
2020-01-16 09:00:00,0.280211033041012,25.94271231319935
2020-01-16 09:30:00,0.30615420061406035,26.658499135229686
2020-01-16 10:00:00,0.2844029268879283,27.644624859955698
2020-01-16 10:30:00,0.24906399644766208,27.711406551329443
2020-01-16 11:00:00,0.2440002226910082,28.048263974757145
2020-01-16 11:30:00,0.25627646739970217,28.90110155216303
2020-01-16 12:00:00,0.2493005379716461,28.764297470276116
2020-01-16 12:30:00,0.24176474236408813,28.94269451181819
2020-01-16 13:00:00,0.24857075327166214,28.21484614213879
2020-01-16 13:30:00,0.25549004991269264,29.57562973963391
2020-01-16 14:00:00,0.2515374437001736,30.971448006798028
2020-01-16 14:30:00,0.2532052245291451,30.23982885988913
2020-01-16 15:00:00,0.2521587030759359,30.399076180167796
2020-01-16 15:30:00,0.2579179047551534,31.11661384175944
2020-01-16 16:00:00,0.2742368720410963,30.372877624250965
2020-01-16 16:30:00,0.274807041948355,29.86584649255807
2020-01-16 17:00:00,0.31256321437933415,30.365407346804947
2020-01-16 17:30:00,0.30209984741468904,29.444916952116785
2020-01-16 18:00:00,0.3036928607858806,29.536634379491506
2020-01-16 18:30:00,0.3180551584438184,28.56226465481713
2020-01-16 19:00:00,0.3130633244664726,29.54761807198811
2020-01-16 19:30:00,0.30720846944106367,28.53993579018962
2020-01-16 20:00:00,0.27984643810567206,27.397008211660694
2020-01-16 20:30:00,0.28353531077892874,27.835657974986066
2020-01-16 21:00:00,0.28927603511926386,26.14869286421923
2020-01-16 21:30:00,0.28552826793460917,25.936889727754625
2020-01-16 22:00:00,0.23956754999513724,25.71310091710293
2020-01-16 22:30:00,0.23790373207177024,25.10778857886821
2020-01-16 23:00:00,0.2191892220945635,23.27125501948653
2020-01-16 23:30:00,0.24879646345044196,23.69517661243751
2020-01-17 00:00:00,0.2580425170620451,24.03573356634033
2020-01-17 00:30:00,0.23453391034431584,22.966156666110965
2020-01-17 01:00:00,0.24230164175471747,23.015650162042963
2020-01-17 01:30:00,0.2439804057725598,22.625681057396683
2020-01-17 02:00:00,0.24771972111926777,21.521864669736008
2020-01-17 02:30:00,0.25487609348415685,21.10352341252118
2020-01-17 03:00:00,0.22125931157941225,21.16036947105416
2020-01-17 03:30:00,0.25835589064778613,20.09438440101187
2020-01-17 04:00:00,0.2309583648099243,20.82860878940274
2020-01-17 04:30:00,0.2539077783910355,20.37223097779977
2020-01-17 05:00:00,0.2903842757736415,20.832831290454873
2020-01-17 05:30:00,0.3014786098856096,21.182755173069577
2020-01-17 06:00:00,0.286860367920007,22.595262754425665
2020-01-17 06:30:00,0.3244233979015665,22.963886106841137
2020-01-17 07:00:00,0.3368193131214464,22.602636467311793
2020-01-17 07:30:00,0.325451350852853,22.597083497188418
2020-01-17 08:00:00,0.32314670389052247,22.33114132049063
2020-01-17 08:30:00,0.3162475836614033,24.489127688763258
2020-01-17 09:00:00,0.2862994993653085,24.860549218746332
2020-01-17 09:30:00,0.2794379312815844,25.89199145457248
2020-01-17 10:00:00,0.27844003682915075,25.137583016401443
2020-01-17 10:30:00,0.24846624898673217,26.50982595166607
2020-01-17 11:00:00,0.2631827470266938,26.82943070630032
2020-01-17 11:30:00,0.2483659499031795,27.949350743901793
2020-01-17 12:00:00,0.2293474201086723,28.558018544847684
2020-01-17 12:30:00,0.26328194551970896,30.593007965646613
2020-01-17 13:00:00,0.23665566845959948,29.89060196987985
2020-01-17 13:30:00,0.24282409960558135,30.03965144794747
2020-01-17 14:00:00,0.2698350039257953,30.58445344692158
2020-01-17 14:30:00,0.27557164245185917,29.43533404803677
2020-01-17 15:00:00,0.29425523275934246,31.299438685712214
2020-01-17 15:30:00,0.25585258632303937,29.800771484677384
2020-01-17 16:00:00,0.2872904652019735,28.81261208955521
2020-01-17 16:30:00,0.30236224473559836,29.917160735408114
2020-01-17 17:00:00,0.3056594803806945,28.189303562562575
2020-01-17 17:30:00,0.3089586500501968,28.507063085152957
2020-01-17 18:00:00,0.3306733538720041,28.27567794573734
2020-01-17 18:30:00,0.32473503445366486,28.788095262799537
2020-01-17 19:00:00,0.32261891459740855,27.214070900454292
2020-01-17 19:30:00,0.32993967153165715,26.839669043593034
2020-01-17 20:00:00,0.2859164699080581,26.29910788967035
2020-01-17 20:30:00,0.3299090845867677,25.801864636621463
2020-01-17 21:00:00,0.2918145192578268,25.567108761846377
2020-01-17 21:30:00,0.2762169473249454,25.280680060368923
2020-01-17 22:00:00,0.2662946867463716,24.186006946343152
2020-01-17 22:30:00,0.25094576929286805,23.700207943205804
2020-01-17 23:00:00,0.24675773948080718,22.987402848635636
2020-01-17 23:30:00,0.232244654044498,22.571830926765003
2020-01-18 00:00:00,0.19134351627271048,21.282620315489737
2020-01-18 00:30:00,0.18919491562618632,20.675568713913812
2020-01-18 01:00:00,0.18161933102718927,21.004132324859103
2020-01-18 01:30:00,0.19283719304628422,20.768907180184648
2020-01-18 02:00:00,0.18574716136285016,20.303534381132863
2020-01-18 02:30:00,0.17736766274705482,19.944617784834406
2020-01-18 03:00:00,0.19403349600940006,20.14586941636303
2020-01-18 03:30:00,0.19075744167110012,19.780300829879117
2020-01-18 04:00:00,0.2099842119129179,18.848810745701424
2020-01-18 04:30:00,0.21627931443379964,20.410833537882105
2020-01-18 05:00:00,0.23368233094329957,20.733177436041508
2020-01-18 05:30:00,0.23971381867059638,20.573439074221046
2020-01-18 06:00:00,0.25289666961538815,20.596275775800745
2020-01-18 06:30:00,0.27737400786586147,20.785594615296713
2020-01-18 07:00:00,0.27632671460657965,21.519405186351598
2020-01-18 07:30:00,0.270417401342519,21.67360244364362
2020-01-18 08:00:00,0.28016555853039204,22.85462501624953
2020-01-18 08:30:00,0.2730029620695395,22.08055031917222
2020-01-18 09:00:00,0.2345662108687111,24.764200219011755
2020-01-18 09:30:00,0.2509597157136576,24.507117913270182
2020-01-18 10:00:00,0.19408690054479283,24.549604559240795
2020-01-18 10:30:00,0.21267012149993308,25.999160569985804
2020-01-18 11:00:00,0.20350485286771416,25.966023916478964
2020-01-18 11:30:00,0.19481805538505761,26.486915277431386
2020-01-18 12:00:00,0.2215739033373345,25.980190527813786
2020-01-18 12:30:00,0.19344346700726187,27.111958483207818
2020-01-18 13:00:00,0.20001392713018995,27.140908495262956
2020-01-18 13:30:00,0.20116027006500709,27.157017008278604
2020-01-18 14:00:00,0.21606571090676321,27.888310702569775
2020-01-18 14:30:00,0.21597440687768596,28.266003288198455
2020-01-18 15:00:00,0.20265335697758885,27.894931433452932
2020-01-18 15:30:00,0.23607215395058337,27.110166506134377
2020-01-18 16:00:00,0.20999746421282303,27.94351173704171
2020-01-18 16:30:00,0.2392174759598356,27.74041651059166
2020-01-18 17:00:00,0.2305787874745912,27.80776196860455
2020-01-18 17:30:00,0.2684733405829443,26.602487229782014
2020-01-18 18:00:00,0.2590319924095039,26.818262919446628
2020-01-18 18:30:00,0.2424470504411182,26.344576186299665
2020-01-18 19:00:00,0.25828467573303765,26.221645976139115
2020-01-18 19:30:00,0.2668522207756784,25.86299682791035
2020-01-18 20:00:00,0.2552591236657037,25.223054139025592
2020-01-18 20:30:00,0.23303771791799577,25.258403916452917
2020-01-18 21:00:00,0.2241836314058287,23.920046825361585
2020-01-18 21:30:00,0.21807175060317435,24.02202358410346
2020-01-18 22:00:00,0.1994129662386926,23.393541745194902
2020-01-18 22:30:00,0.20989762011663105,21.246761221733575
2020-01-18 23:00:00,0.19561866618566326,20.49652222337373
2020-01-18 23:30:00,0.20451407099383218,19.980558023636267
2020-01-19 00:00:00,0.17676205477318693,20.775922511694063
2020-01-19 00:30:00,0.19876570276904135,19.398235283916776
2020-01-19 01:00:00,0.2115821405477124,20.435795130385426
2020-01-19 01:30:00,0.1749579544561767,19.23958716566548
2020-01-19 02:00:00,0.21227801294129076,19.567083273436463
2020-01-19 02:30:00,0.18575290655731344,18.144434588005957
2020-01-19 03:00:00,0.1960825184528203,18.405363258735676
2020-01-19 03:30:00,0.187085095851559,18.94128887624428
2020-01-19 04:00:00,0.21682559398976756,18.18015993540039
2020-01-19 04:30:00,0.2203096603951441,18.933578814512835
2020-01-19 05:00:00,0.22982172796947134,19.753109797025395
2020-01-19 05:30:00,0.23587807870045563,20.40715647690771
2020-01-19 06:00:00,0.2533248541447012,19.418444582980893
2020-01-19 06:30:00,0.2518875265304222,20.787140753603307
2020-01-19 07:00:00,0.2702414697897592,20.19882665493008
2020-01-19 07:30:00,0.25221102199162715,21.447657318150636
2020-01-19 08:00:00,0.27763053344731775,20.936981753187013
2020-01-19 08:30:00,0.26909774823280974,21.60593336912059
2020-01-19 09:00:00,0.2475086508759701,21.91841745722904
2020-01-19 09:30:00,0.2410034365703326,23.034061068620336
2020-01-19 10:00:00,0.24557208503846892,22.73713630909118
2020-01-19 10:30:00,0.21915323390537175,24.027801481106874
2020-01-19 11:00:00,0.21152791206281374,24.436906805372168
2020-01-19 11:30:00,0.2146061606863076,24.46037389993554
2020-01-19 12:00:00,0.2147837637999089,25.757350408156153
2020-01-19 12:30:00,0.20330074986283883,25.88471797763285
2020-01-19 13:00:00,0.19155529356432563,26.448076880747063
2020-01-19 13:30:00,0.21148155806011287,26.867177024119325
2020-01-19 14:00:00,0.20227735574379713,26.191028718920492
2020-01-19 14:30:00,0.22015632641414204,26.153786883256434
2020-01-19 15:00:00,0.2097247411304574,25.305473201322684
2020-01-19 15:30:00,0.2321343703157152,25.399706415911016
2020-01-19 16:00:00,0.2064730015253129,25.83985852860041
2020-01-19 16:30:00,0.2593953024918445,25.514950427725964
2020-01-19 17:00:00,0.25357942959943675,25.69749466667864
2020-01-19 17:30:00,0.25215868897378513,26.32375311919321
2020-01-19 18:00:00,0.26440727094246674,25.42018987033379
2020-01-19 18:30:00,0.24457136046597455,25.246470520541862
2020-01-19 19:00:00,0.2633107931620383,24.319338068400082
2020-01-19 19:30:00,0.25881844951289346,23.25931851400527
2020-01-19 20:00:00,0.23940902204961545,22.711324132699673
2020-01-19 20:30:00,0.23258030580793457,22.764972507773688
2020-01-19 21:00:00,0.19527732705359374,22.384474782336476
2020-01-19 21:30:00,0.20560886250930405,22.632458728531613
2020-01-19 22:00:00,0.20211426523949924,22.12744798343793
2020-01-19 22:30:00,0.21673779663743287,21.115845921918176
2020-01-19 23:00:00,0.20630834092800535,20.130394303083534
2020-01-19 23:30:00,0.2110618619091316,19.686321183408328
2020-01-20 00:00:00,0.22835546300516452,18.47232184697118
2020-01-20 00:30:00,0.21234848585872926,18.44916224609953
2020-01-20 01:00:00,0.21254574087756056,18.14759911961048
2020-01-20 01:30:00,0.21799899634488676,16.2277394060695
2020-01-20 02:00:00,0.21787507164051564,16.34928047101654
2020-01-20 02:30:00,0.206969172797964,16.167432725801664
2020-01-20 03:00:00,0.24507766581525153,15.438596582087344
2020-01-20 03:30:00,0.23278441885248374,15.944078183676686
2020-01-20 04:00:00,0.24480850596274217,15.972947588037618
2020-01-20 04:30:00,0.22987809314103846,16.25951866923348
2020-01-20 05:00:00,0.25978447749861433,16.134362743997148
2020-01-20 05:30:00,0.2523880905118888,16.562854546655824
2020-01-20 06:00:00,0.2813429286854565,17.049557626625617
2020-01-20 06:30:00,0.3134380969439589,16.73978360580818
2020-01-20 07:00:00,0.3150793339327128,17.336744368039895
2020-01-20 07:30:00,0.30858067299869496,17.900680840571837
2020-01-20 08:00:00,0.31817433089790814,18.728591799434213
2020-01-20 08:30:00,0.30269119637770414,19.735382999422615
2020-01-20 09:00:00,0.27251674483023347,20.665517418150703
2020-01-20 09:30:00,0.2810746280577431,20.93664567766015
2020-01-20 10:00:00,0.25925942578402666,21.39033634270684
2020-01-20 10:30:00,0.24901324508285835,21.85651781934081
2020-01-20 11:00:00,0.20965649117876492,22.810913894351568
2020-01-20 11:30:00,0.22716175294475144,22.67314815047648
2020-01-20 12:00:00,0.24246942205297417,22.02747322152308
2020-01-20 12:30:00,0.21537500757202743,23.605249815562598
2020-01-20 13:00:00,0.23237885994404775,23.757646568265468
2020-01-20 13:30:00,0.21244358927078089,23.909980527849836
2020-01-20 14:00:00,0.2538586552779631,25.25887152577573
2020-01-20 14:30:00,0.2288574163303489,24.931667510765177
2020-01-20 15:00:00,0.2282392993412897,24.63182668756171
2020-01-20 15:30:00,0.25720701262453977,24.775580231850007
2020-01-20 16:00:00,0.234781626568932,26.086865922225577
2020-01-20 16:30:00,0.26119157959787687,24.96219303860918
2020-01-20 17:00:00,0.2939810734258846,25.273592637316398
2020-01-20 17:30:00,0.29718874478581364,25.24807959114094
2020-01-20 18:00:00,0.28003692728419577,24.713365650335255
2020-01-20 18:30:00,0.3023367881892247,23.322033795483545
2020-01-20 19:00:00,0.3009018886454233,23.287156676980857
2020-01-20 19:30:00,0.26157812479813325,23.02034991201394
2020-01-20 20:00:00,0.27949778025999455,21.13822926602906
2020-01-20 20:30:00,0.26573919845563776,20.737034210343634
2020-01-20 21:00:00,0.2756973911036625,21.572164397297257
2020-01-20 21:30:00,0.24435732466946128,20.620562065390875
2020-01-20 22:00:00,0.23267194240156444,20.550987744173167
2020-01-20 22:30:00,0.2140850264441621,18.705642537950993
2020-01-20 23:00:00,0.22110109731716865,19.20170537244055
2020-01-20 23:30:00,0.22526815302954997,17.24988039998816
2020-01-21 00:00:00,0.21896788837753664,17.067160472677415
2020-01-21 00:30:00,0.2182383101704659,16.889941917071166
2020-01-21 01:00:00,0.22327789591903535,16.86575667319623
2020-01-21 01:30:00,0.20459277133059753,16.577199762895923
2020-01-21 02:00:00,0.23054864481534973,15.707208393635353
2020-01-21 02:30:00,0.2145595830261487,15.599646199890305
2020-01-21 03:00:00,0.21410787194894104,14.793620440919213
2020-01-21 03:30:00,0.23627323831066027,15.406019828974946
2020-01-21 04:00:00,0.22022074951475845,15.625225561037876
2020-01-21 04:30:00,0.25619831344967775,15.200238093383055
2020-01-21 05:00:00,0.2312834281107386,14.752656799279857
2020-01-21 05:30:00,0.2320374871099001,15.814023646349892
2020-01-21 06:00:00,0.2667162081668672,15.97083140535351
2020-01-21 06:30:00,0.26370640435960296,16.286108703760686
2020-01-21 07:00:00,0.3144537347048607,16.757164450044083
2020-01-21 07:30:00,0.2919321359781808,17.520580637438922
2020-01-21 08:00:00,0.2918060139848367,18.152036457367554
2020-01-21 08:30:00,0.29762240890886704,18.849586187562846
2020-01-21 09:00:00,0.2722078719886865,20.33463186840339
2020-01-21 09:30:00,0.25759192095700023,20.421121214697894
2020-01-21 10:00:00,0.2318016624515392,21.454435765075427
2020-01-21 10:30:00,0.24007824762203478,22.01636019582531
2020-01-21 11:00:00,0.23303865150431477,23.70693072697594
2020-01-21 11:30:00,0.21619554258106474,22.812850499782936
2020-01-21 12:00:00,0.2148293472046876,23.9247457847437
2020-01-21 12:30:00,0.21179024044839034,24.374571322839355
2020-01-21 13:00:00,0.2241432686824611,24.330918627213446
2020-01-21 13:30:00,0.22207323464510315,25.00067705620941
2020-01-21 14:00:00,0.21599753763213764,24.786203030855788
2020-01-21 14:30:00,0.21766734092873405,25.70391924068689
2020-01-21 15:00:00,0.2417490865283411,24.997937543590975
2020-01-21 15:30:00,0.23912617861565447,25.79539601155089
2020-01-21 16:00:00,0.2732715153574443,26.321285799984608
2020-01-21 16:30:00,0.2768329628471576,24.690090055407993
2020-01-21 17:00:00,0.2809367757246194,25.15103722213536
2020-01-21 17:30:00,0.25751546274755943,23.977890892723142
2020-01-21 18:00:00,0.27004700677481597,22.86378605542602
2020-01-21 18:30:00,0.2999177387528455,23.087852842004313
2020-01-21 19:00:00,0.2939644540961355,22.047672686793668
2020-01-21 19:30:00,0.27364040876661,22.43111726503482
2020-01-21 20:00:00,0.26482180064289096,20.502088887301216
2020-01-21 20:30:00,0.2503689867277779,19.39327896019856
2020-01-21 21:00:00,0.26693680117637886,20.19149872163693
2020-01-21 21:30:00,0.22957785334547662,18.726752774709265
2020-01-21 22:00:00,0.22803566632186362,19.53376699731166
2020-01-21 22:30:00,0.22201131844641936,18.90264363015401
2020-01-21 23:00:00,0.2275359962248594,18.21503118559509
2020-01-21 23:30:00,0.23112981234378244,18.094212389718862
2020-01-22 00:00:00,0.21315490602368778,17.661814210768043
2020-01-22 00:30:00,0.21967928310279003,17.42163746655353
2020-01-22 01:00:00,0.2225709096136634,17.356735693863513
2020-01-22 01:30:00,0.2160468500246506,17.129130822336478
2020-01-22 02:00:00,0.20572917539169272,16.886701760090837
2020-01-22 02:30:00,0.21429654055657202,16.84645418322887
2020-01-22 03:00:00,0.2095108526856032,16.806434028758808
2020-01-22 03:30:00,0.24654437369136745,17.03757824674908
2020-01-22 04:00:00,0.24081243194857238,16.674745290741633
2020-01-22 04:30:00,0.2428289834496841,16.28111038836921
2020-01-22 05:00:00,0.24296606873083396,17.264763207190082
2020-01-22 05:30:00,0.26789240995742386,17.08081597050934
2020-01-22 06:00:00,0.3133356681952015,16.683869932217615
2020-01-22 06:30:00,0.3205607519109727,16.775831658699477
2020-01-22 07:00:00,0.2961162531688407,17.12854016902202
2020-01-22 07:30:00,0.3159174743486136,18.672396942557647
2020-01-22 08:00:00,0.32206794988240334,18.943251880708992
2020-01-22 08:30:00,0.293433045372114,19.505407712329887
2020-01-22 09:00:00,0.2748842356814634,20.06767022150443
2020-01-22 09:30:00,0.2831357497490218,21.47950920691755
2020-01-22 10:00:00,0.24782562965308655,21.591283672293628
2020-01-22 10:30:00,0.23017703390719133,22.244730622163903
2020-01-22 11:00:00,0.2115403617947524,23.304785580936862
2020-01-22 11:30:00,0.23055172276594757,24.721107861322572
2020-01-22 12:00:00,0.2177071597325041,24.80513204149425
2020-01-22 12:30:00,0.22881894906999917,24.45778573377963
2020-01-22 13:00:00,0.2143261478268642,25.07686027206764
2020-01-22 13:30:00,0.2370696126939447,26.161476792048965
2020-01-22 14:00:00,0.22791192945170796,26.349062430295547
2020-01-22 14:30:00,0.24324447628653112,26.903676476713397
2020-01-22 15:00:00,0.2725901680550279,25.77285689956517
2020-01-22 15:30:00,0.26792000839455726,25.62412950667932
2020-01-22 16:00:00,0.27111078429021185,26.21461365510848
2020-01-22 16:30:00,0.26305561523946586,26.53140493806158
2020-01-22 17:00:00,0.26710655140714307,25.981681456978134
2020-01-22 17:30:00,0.30266137148863015,26.652759349917574
2020-01-22 18:00:00,0.2666317513224017,24.87098646531668
2020-01-22 18:30:00,0.29039744961808955,25.055500840567298
2020-01-22 19:00:00,0.32230782677511227,25.050615920909973
2020-01-22 19:30:00,0.27996184144611336,24.710802374022617
2020-01-22 20:00:00,0.27764804536507076,24.00876635689215
2020-01-22 20:30:00,0.2807402915316345,23.233976106452523
2020-01-22 21:00:00,0.27245117704773575,22.77815938982809
2020-01-22 21:30:00,0.25174155437034246,21.874998523602372
2020-01-22 22:00:00,0.23990941399842802,22.25825357725773
2020-01-22 22:30:00,0.2279008718519019,20.39543746785492
2020-01-22 23:00:00,0.2199907514305562,19.544958338264678
2020-01-22 23:30:00,0.2524470484864648,19.729545802764616
2020-01-23 00:00:00,0.20856433618705406,19.038476272414965
2020-01-23 00:30:00,0.22851448961371612,17.78163073573107
2020-01-23 01:00:00,0.22525963608129973,17.74025392793826
2020-01-23 01:30:00,0.22096321857738238,17.99920158943381
2020-01-23 02:00:00,0.22454083832659982,18.633089806794747
2020-01-23 02:30:00,0.23527554037400994,17.97947273862819
2020-01-23 03:00:00,0.23469197211738824,18.482046625559008
2020-01-23 03:30:00,0.22542629440768272,17.377053899539455
2020-01-23 04:00:00,0.22167080735264502,17.54486783434553
2020-01-23 04:30:00,0.2167091728563496,18.03478296069784
2020-01-23 05:00:00,0.2482991125994146,18.704976173881203
2020-01-23 05:30:00,0.23900866613000366,17.751237846792915
2020-01-23 06:00:00,0.27549964296474105,18.54480510363701
2020-01-23 06:30:00,0.30818224891607465,19.303134573621755
2020-01-23 07:00:00,0.3027496704333615,19.63845156888653
2020-01-23 07:30:00,0.33396153303599935,19.714848282121586
2020-01-23 08:00:00,0.30266701629922443,21.02831625532243
2020-01-23 08:30:00,0.2904123579014279,21.15026994727875
2020-01-23 09:00:00,0.2838385000628752,21.141989567797516
2020-01-23 09:30:00,0.2393147906968944,22.82416446372385
2020-01-23 10:00:00,0.24509781793571628,23.934876883096013
2020-01-23 10:30:00,0.2607130003431393,23.76964144892399
2020-01-23 11:00:00,0.22266624556686263,25.06411424784666
2020-01-23 11:30:00,0.23092080359942002,25.10430599656275
2020-01-23 12:00:00,0.2261353326268105,25.251008333371196
2020-01-23 12:30:00,0.20405427277206217,25.984741226802186
2020-01-23 13:00:00,0.21241086190329117,26.777310503653183
2020-01-23 13:30:00,0.2216446955491643,25.120560333878593
2020-01-23 14:00:00,0.23610748021658542,28.031021551263958
2020-01-23 14:30:00,0.2357866548484633,27.524472688126725
2020-01-23 15:00:00,0.2443937818949088,27.338345597301846
2020-01-23 15:30:00,0.2377097265581102,28.030406313096908
2020-01-23 16:00:00,0.22426994560222463,27.552628605402756
2020-01-23 16:30:00,0.24160448404822113,27.872332687632195
2020-01-23 17:00:00,0.28198553704916385,28.182280011924426
2020-01-23 17:30:00,0.26640682116385067,27.32758441421432
2020-01-23 18:00:00,0.30927422286389916,27.412798261259333
2020-01-23 18:30:00,0.3135256031485672,27.048191159581176
2020-01-23 19:00:00,0.27069361121232194,26.313192212674764
2020-01-23 19:30:00,0.2852963711580516,26.48448814572236
2020-01-23 20:00:00,0.2719696904887198,26.743399249354304
2020-01-23 20:30:00,0.2511606273904896,24.14133868608812
2020-01-23 21:00:00,0.2626741041186091,25.655843529278492
2020-01-23 21:30:00,0.2350971632302244,23.55399687949608
2020-01-23 22:00:00,0.24195579630880498,23.64341032500051
2020-01-23 22:30:00,0.2314308838732777,23.23382711598447
2020-01-23 23:00:00,0.23906515006143286,22.30822595535528
2020-01-23 23:30:00,0.2264549308951592,21.323705512806445
2020-01-24 00:00:00,0.23430874443697206,21.04220413866198
2020-01-24 00:30:00,0.24030262392058652,21.133345752243457
2020-01-24 01:00:00,0.2610681078737345,20.93703165553056
2020-01-24 01:30:00,0.24650713983033348,19.914923677193435
2020-01-24 02:00:00,0.2535222853406013,19.29588319424476
2020-01-24 02:30:00,0.25047104399012093,18.773795439938596
2020-01-24 03:00:00,0.21017118299666426,19.31530143112662
2020-01-24 03:30:00,0.2532145393212535,19.845415959648722
2020-01-24 04:00:00,0.25422034557560397,19.826054967532052
2020-01-24 04:30:00,0.23943900586918312,20.784817925622523
2020-01-24 05:00:00,0.2954386547061551,20.228283814477376
2020-01-24 05:30:00,0.2928130109098065,20.60361068889279
2020-01-24 06:00:00,0.29981533799307897,20.802090185543065
2020-01-24 06:30:00,0.32106477289351615,21.299644183762688
2020-01-24 07:00:00,0.3315341146420141,21.875348497867233
2020-01-24 07:30:00,0.3492799613230895,22.46163638946972
2020-01-24 08:00:00,0.345755367420668,23.69227102715386
2020-01-24 08:30:00,0.3247304560589251,23.290731577725886
2020-01-24 09:00:00,0.3040809036657264,23.831013736003893
2020-01-24 09:30:00,0.28863700491670924,25.004206405882385
2020-01-24 10:00:00,0.27037227189273105,25.538078107699008
2020-01-24 10:30:00,0.26994619418895716,26.797219498619107
2020-01-24 11:00:00,0.2551497874313486,26.261097562583824
2020-01-24 11:30:00,0.22821666532844384,26.800253648281153
2020-01-24 12:00:00,0.22341033065597057,27.462514702943285
2020-01-24 12:30:00,0.24204206605181638,28.43668824594487
2020-01-24 13:00:00,0.2253261468087889,27.716617026460344
2020-01-24 13:30:00,0.24294596879510916,28.608958717025814
2020-01-24 14:00:00,0.2521097447748574,28.31636545131612
2020-01-24 14:30:00,0.23824044693928265,29.418140351905787
2020-01-24 15:00:00,0.22255977776246266,29.532504984409435
2020-01-24 15:30:00,0.2869776905048746,29.10199427790448
2020-01-24 16:00:00,0.32361470136463266,30.823496356022286
2020-01-24 16:30:00,0.2733400282586884,30.700455788008455
2020-01-24 17:00:00,0.30788373471909575,29.40280051266671
2020-01-24 17:30:00,0.3196110194920051,29.193269710124262
2020-01-24 18:00:00,0.3112871412203593,29.92378527472349
2020-01-24 18:30:00,0.3259933985157993,31.120665792526587
2020-01-24 19:00:00,0.2998798889393997,30.935360685314134
2020-01-24 19:30:00,0.3180297986215661,29.823181167465687
2020-01-24 20:00:00,0.2995156946640358,29.376215036481167
2020-01-24 20:30:00,0.290650596875387,28.80568072036029
2020-01-24 21:00:00,0.30302259208998317,28.16684914084334
2020-01-24 21:30:00,0.25834017242863905,27.45235876257459
2020-01-24 22:00:00,0.25313573146512997,26.428627433600848
2020-01-24 22:30:00,0.25274784472511974,26.920235768211207
2020-01-24 23:00:00,0.24690634367662767,25.730796018011432
2020-01-24 23:30:00,0.2628317141610199,24.638265288146965
2020-01-25 00:00:00,0.19774953526651218,25.16177797644654
2020-01-25 00:30:00,0.20755469914583535,22.87451847337286
2020-01-25 01:00:00,0.19017314101503097,23.329568475168085
2020-01-25 01:30:00,0.20582790946415813,22.794951193682753
2020-01-25 02:00:00,0.19966460049036341,22.658342013776643
2020-01-25 02:30:00,0.18187663465337484,22.017004132234817
2020-01-25 03:00:00,0.19581462300647143,22.84730619328842
2020-01-25 03:30:00,0.20788269338384677,22.25782379927355
2020-01-25 04:00:00,0.21184539736972746,22.455748369662267
2020-01-25 04:30:00,0.20979621011804933,22.732793937486345
2020-01-25 05:00:00,0.23325017189982447,22.418596342091693
2020-01-25 05:30:00,0.24464350380862349,23.761305225824803
2020-01-25 06:00:00,0.24467928316253196,22.936147102835662
2020-01-25 06:30:00,0.2564790850854704,24.449562200588492
2020-01-25 07:00:00,0.2756047718996389,23.756718477260343
2020-01-25 07:30:00,0.258755302467978,25.386530479397695
2020-01-25 08:00:00,0.26189189170686933,25.099020561080042
2020-01-25 08:30:00,0.24540301418943652,25.61916233182758
2020-01-25 09:00:00,0.2552394283141608,26.34413773091874
2020-01-25 09:30:00,0.24437934972957384,26.590343924857144
2020-01-25 10:00:00,0.23836027624673048,27.908480084867463
2020-01-25 10:30:00,0.21140864193142328,29.075818119433524
2020-01-25 11:00:00,0.18459153876672113,29.20233800141225
2020-01-25 11:30:00,0.1900206998327627,29.85266695892311
2020-01-25 12:00:00,0.19594424451393463,30.51909847729777
2020-01-25 12:30:00,0.19407016686608058,30.72628697402464
2020-01-25 13:00:00,0.18700829957856888,30.69596621564205
2020-01-25 13:30:00,0.21159135898233708,31.02297939427805
2020-01-25 14:00:00,0.2040228063901958,31.402151831513827
2020-01-25 14:30:00,0.19242388193994397,30.91065964037097
2020-01-25 15:00:00,0.22810890778041112,31.491594968482378
2020-01-25 15:30:00,0.2227854362974167,31.428730943039024
2020-01-25 16:00:00,0.23166800042888674,31.996930474757708
2020-01-25 16:30:00,0.24007464759305602,31.986358673485135
2020-01-25 17:00:00,0.22944534378540737,32.006096652677186
2020-01-25 17:30:00,0.2500136209697548,31.993665384522814
2020-01-25 18:00:00,0.25396095131055635,31.266217792162504
2020-01-25 18:30:00,0.27461891091909363,30.781864688121896
2020-01-25 19:00:00,0.24725114287462074,29.856131214052386
2020-01-25 19:30:00,0.2566716268983961,29.359424864782248
2020-01-25 20:00:00,0.25001492903078265,28.975978104066847
2020-01-25 20:30:00,0.24069920817996532,28.706363654759745
2020-01-25 21:00:00,0.23889696185769643,27.32178153961333
2020-01-25 21:30:00,0.232997617848749,27.09586361644733
2020-01-25 22:00:00,0.20922548029365967,27.458951934074843
2020-01-25 22:30:00,0.2336023133581718,26.54173735257779
2020-01-25 23:00:00,0.20381867238239215,25.194227674480583
2020-01-25 23:30:00,0.19275208616996564,25.166087571280364
2020-01-26 00:00:00,0.19394167573642807,25.00898990910438
2020-01-26 00:30:00,0.2051422219114001,25.349211122473314
2020-01-26 01:00:00,0.2005380185166469,25.174633607455807
2020-01-26 01:30:00,0.1937572792904413,24.58989141286865
2020-01-26 02:00:00,0.2066122328319929,25.508186073724012
2020-01-26 02:30:00,0.1953356299679337,23.93500917148191
2020-01-26 03:00:00,0.18800698102209154,24.494457784912655
2020-01-26 03:30:00,0.19268176660428807,24.317282168433692
2020-01-26 04:00:00,0.22232507146073352,23.607167526902572
2020-01-26 04:30:00,0.2064604579483526,24.864225883666183
2020-01-26 05:00:00,0.2124488160376136,24.007319453099498
2020-01-26 05:30:00,0.2344906806933317,24.537292638173046
2020-01-26 06:00:00,0.2773679803981837,25.136979946219412
2020-01-26 06:30:00,0.259248484360618,24.87391146801231
2020-01-26 07:00:00,0.2500782460616178,25.064446375302786
2020-01-26 07:30:00,0.2676917971241118,25.88241839918998
2020-01-26 08:00:00,0.2832249273480415,25.67625737522033
2020-01-26 08:30:00,0.2796329276167907,27.444007951281073
2020-01-26 09:00:00,0.25604844812978333,27.464478332909486
2020-01-26 09:30:00,0.23348376134962762,28.68994107856955
2020-01-26 10:00:00,0.22592359329816852,29.00232320650726
2020-01-26 10:30:00,0.2077599212360975,28.333802983132383
2020-01-26 11:00:00,0.19769157934021228,29.199013001318992
2020-01-26 11:30:00,0.21496357486966766,28.655600381823962
2020-01-26 12:00:00,0.18406833091918803,29.44158133675994
2020-01-26 12:30:00,0.18467776074706824,29.78856788997252
2020-01-26 13:00:00,0.18748155563330526,30.12514671811183
2020-01-26 13:30:00,0.19262330569982647,30.058853563335205
2020-01-26 14:00:00,0.2066418299639114,29.88982283916628
2020-01-26 14:30:00,0.2084072093072631,30.54636664424157
2020-01-26 15:00:00,0.20752317187995184,31.314086829870124
2020-01-26 15:30:00,0.2164279280793522,30.24354765703237
2020-01-26 16:00:00,0.22551991750238512,30.84982427538297
2020-01-26 16:30:00,0.23224533332020095,30.54045183233746
2020-01-26 17:00:00,0.23654467167109905,30.553568879411756
2020-01-26 17:30:00,0.24459645192156426,30.27390494156371
2020-01-26 18:00:00,0.22728953850977396,29.915270552748726
2020-01-26 18:30:00,0.2567750005341935,29.45316872969306
2020-01-26 19:00:00,0.25185604984749166,27.609607132159258
2020-01-26 19:30:00,0.21364896136305428,27.68365865703517
2020-01-26 20:00:00,0.24708271506938861,28.020615875985243
2020-01-26 20:30:00,0.24844954251745474,27.147819772350473
2020-01-26 21:00:00,0.2265823606814331,27.352690543951606
2020-01-26 21:30:00,0.22384921957382123,25.348646586698166
2020-01-26 22:00:00,0.20478669966277227,25.589854228686228
2020-01-26 22:30:00,0.21052835882750093,24.487531491402493
2020-01-26 23:00:00,0.223776422610015,24.821844597436137
2020-01-26 23:30:00,0.2016905397854524,23.575923548966394
2020-01-27 00:00:00,0.24029217590628296,24.093422190230275
2020-01-27 00:30:00,0.21431619044845027,22.738083360305332
2020-01-27 01:00:00,0.2231975044315013,23.129745390107363
2020-01-27 01:30:00,0.22750785175456434,23.291052342663512
2020-01-27 02:00:00,0.21757963763537624,22.25613117545891
2020-01-27 02:30:00,0.22375465773896572,22.07992660530865
2020-01-27 03:00:00,0.22561867791134155,22.781372197603662
2020-01-27 03:30:00,0.23111494987332892,22.957212473313998
2020-01-27 04:00:00,0.2213700438006996,21.90182648799374
2020-01-27 04:30:00,0.22848886929409581,21.859750727904817
2020-01-27 05:00:00,0.27021422495014263,22.76579873022115
2020-01-27 05:30:00,0.2532275395772528,22.795449617095663
2020-01-27 06:00:00,0.2502646337477204,23.52410505706108
2020-01-27 06:30:00,0.29960653406523774,23.791413921080835
2020-01-27 07:00:00,0.3410415620839774,24.49086181081217
2020-01-27 07:30:00,0.3120118926056134,25.82108312449268
2020-01-27 08:00:00,0.29611978198838046,25.665260697057523
2020-01-27 08:30:00,0.31410480919236955,26.140571231017095
2020-01-27 09:00:00,0.2857421155007332,27.220477807583038
2020-01-27 09:30:00,0.2690768390015197,26.014697258158012
2020-01-27 10:00:00,0.26454367172463383,28.035920658434677
2020-01-27 10:30:00,0.24214915359451952,27.43354934275003
2020-01-27 11:00:00,0.21000142832140473,29.32312390224367
2020-01-27 11:30:00,0.23396020331217032,29.53078799061956
2020-01-27 12:00:00,0.22115358757589323,30.15026581082448
2020-01-27 12:30:00,0.22511467069743912,30.368742315555064
2020-01-27 13:00:00,0.2313384893885663,31.403306871366436
2020-01-27 13:30:00,0.24639604708788435,31.982283676002336
2020-01-27 14:00:00,0.24508229246966506,31.615193868441516
2020-01-27 14:30:00,0.24985431184387968,31.613604150211287
2020-01-27 15:00:00,0.23942248311580308,30.89694594629615
2020-01-27 15:30:00,0.23113705605655446,30.782651224224832
2020-01-27 16:00:00,0.26871973566514884,31.547414299496612
2020-01-27 16:30:00,0.2771260777460116,30.674913133492748
2020-01-27 17:00:00,0.2649450767470435,30.07484812358493
2020-01-27 17:30:00,0.2981441395678071,30.24717362816644
2020-01-27 18:00:00,0.30183146089230933,29.75541647768144
2020-01-27 18:30:00,0.312377165925109,29.87785350636022
2020-01-27 19:00:00,0.28832866062248946,28.646789514373538
2020-01-27 19:30:00,0.2864906041059888,28.19130286476606
2020-01-27 20:00:00,0.29797133816602106,26.576510201977214
2020-01-27 20:30:00,0.25912731072133804,27.083565273573328
2020-01-27 21:00:00,0.24886426402317927,25.798863307585446
2020-01-27 21:30:00,0.2662448225159465,25.815222417005614
2020-01-27 22:00:00,0.23057640042259855,25.288616856439443
2020-01-27 22:30:00,0.23087195535905755,24.806517934096874
2020-01-27 23:00:00,0.24403048811753825,24.2580248475706
2020-01-27 23:30:00,0.22308681749061893,22.37915521034436
2020-01-28 00:00:00,0.21381823807438266,22.273541025136414
2020-01-28 00:30:00,0.22690632647483402,22.48213667909598
2020-01-28 01:00:00,0.2005560893293643,21.393264878477687
2020-01-28 01:30:00,0.2203111859077775,20.955563020170757
2020-01-28 02:00:00,0.2101121895512935,21.011882539779652
2020-01-28 02:30:00,0.20055757323363377,20.868049435281506
2020-01-28 03:00:00,0.22164931306818653,21.762003513070642
2020-01-28 03:30:00,0.23410293750093011,21.081790465731622
2020-01-28 04:00:00,0.2411365265341123,21.85195511568101
2020-01-28 04:30:00,0.2457824151155998,21.475469909056386
2020-01-28 05:00:00,0.24699157634163332,21.08317024197713
2020-01-28 05:30:00,0.27576425802980215,22.601444064984978
2020-01-28 06:00:00,0.2773144984046564,22.374796967213765
2020-01-28 06:30:00,0.2518364015129867,22.469738777801748
2020-01-28 07:00:00,0.2964980166325278,22.947915081620838
2020-01-28 07:30:00,0.286740799477671,23.279476629783275
2020-01-28 08:00:00,0.2791052381211903,22.939386310111473
2020-01-28 08:30:00,0.30443357580051766,24.295981684339395
2020-01-28 09:00:00,0.2923092734509313,24.41156447164285
2020-01-28 09:30:00,0.2629135280642754,25.462006209408877
2020-01-28 10:00:00,0.24603091196164523,25.155630236591797
2020-01-28 10:30:00,0.25789589460739776,26.590396778129936
2020-01-28 11:00:00,0.233843475303692,26.819724086648833
2020-01-28 11:30:00,0.220389506281045,26.746562538467956
2020-01-28 12:00:00,0.220818818717142,28.2012523436798
2020-01-28 12:30:00,0.22284743689048864,28.97249191695765
2020-01-28 13:00:00,0.20360809525129928,29.242993952249645
2020-01-28 13:30:00,0.2219510977541892,29.28443083721222
2020-01-28 14:00:00,0.2352525294645683,30.574612540692154
2020-01-28 14:30:00,0.2449101604814683,29.79176932298473
2020-01-28 15:00:00,0.23957781690044264,30.44693619272023
2020-01-28 15:30:00,0.26279301584242726,30.576412577206014
2020-01-28 16:00:00,0.2647615102932613,30.52715598474611
2020-01-28 16:30:00,0.27500088799598754,30.60089866867617
2020-01-28 17:00:00,0.28807748100517666,29.42512302962032
2020-01-28 17:30:00,0.2900988146800497,29.96921413915032
2020-01-28 18:00:00,0.29710257803940915,30.02144996065174
2020-01-28 18:30:00,0.26458575832202785,29.430665364269032
2020-01-28 19:00:00,0.27525338883176026,28.30272153259784
2020-01-28 19:30:00,0.2799456488690698,26.70425821232357
2020-01-28 20:00:00,0.25571487786321156,27.233084834500755
2020-01-28 20:30:00,0.2712704519372142,27.002456174428175
2020-01-28 21:00:00,0.27008981774618485,26.246855106267155
2020-01-28 21:30:00,0.26015673742776135,26.938257329197725
2020-01-28 22:00:00,0.24161453431792376,26.410776984678016
2020-01-28 22:30:00,0.23130504136315172,25.973760055111445
2020-01-28 23:00:00,0.23288186861064425,24.66225332007929
2020-01-28 23:30:00,0.2310360631125575,24.811839614029285
2020-01-29 00:00:00,0.22959913089425052,22.952884518065453
2020-01-29 00:30:00,0.22029966590094124,22.326406590849356
2020-01-29 01:00:00,0.21970897408627668,22.50040894169407
2020-01-29 01:30:00,0.2214727099023452,22.096341819201694
2020-01-29 02:00:00,0.2353838390573865,22.204599110154795
2020-01-29 02:30:00,0.2291161742484313,21.230449691407042
2020-01-29 03:00:00,0.24558044714043967,20.943053025665
2020-01-29 03:30:00,0.238785428960979,20.215668699309745
2020-01-29 04:00:00,0.25543289961536075,21.17969103492487
2020-01-29 04:30:00,0.2378255862093582,21.363761985653294
2020-01-29 05:00:00,0.25407711986642245,21.300025211076147
2020-01-29 05:30:00,0.2689013710627925,21.530436705824634
2020-01-29 06:00:00,0.31051556656467444,22.283693997700734
2020-01-29 06:30:00,0.3101391783346612,21.893705991047923
2020-01-29 07:00:00,0.3440386803404527,24.24430672121479
2020-01-29 07:30:00,0.31983097859574433,24.056762673259808
2020-01-29 08:00:00,0.30576351139233043,22.698230811978064
2020-01-29 08:30:00,0.31786947489436956,25.35719946926069
2020-01-29 09:00:00,0.277728655628254,26.011705346008974
2020-01-29 09:30:00,0.2846040795103966,25.327908141358268
2020-01-29 10:00:00,0.24695535481221598,26.7580464859625
2020-01-29 10:30:00,0.2561451721928405,26.613338767443366
2020-01-29 11:00:00,0.2625719605529973,27.835370238667295
2020-01-29 11:30:00,0.23850012137110949,27.722155587294594
2020-01-29 12:00:00,0.22061477459589549,29.818680341644487
2020-01-29 12:30:00,0.23742885935040894,29.03569702898844
2020-01-29 13:00:00,0.26011760286480984,29.899026871495415
2020-01-29 13:30:00,0.2434694372360907,29.554868565063664
2020-01-29 14:00:00,0.2565380520451174,29.902377526883583
2020-01-29 14:30:00,0.25216446599808534,29.075492744041448
2020-01-29 15:00:00,0.2477083717147559,29.2624886019207
2020-01-29 15:30:00,0.2672950045818719,30.67647410017595
2020-01-29 16:00:00,0.2532680233191573,29.94619667207409
2020-01-29 16:30:00,0.27038494965591675,31.491999965551052
2020-01-29 17:00:00,0.287199595784435,30.12649120071196
2020-01-29 17:30:00,0.24164401430839372,30.90026349501782
2020-01-29 18:00:00,0.2928875448578859,29.502297599418593
2020-01-29 18:30:00,0.3078670528211562,29.32858960428374
2020-01-29 19:00:00,0.2765361614825041,28.894496057139815
2020-01-29 19:30:00,0.2737727528641784,28.638128062140343
2020-01-29 20:00:00,0.293830766810548,28.672454085819087
2020-01-29 20:30:00,0.26974111135035805,27.397992469170898
2020-01-29 21:00:00,0.2729168525665451,26.95042596780289
2020-01-29 21:30:00,0.25840545326061026,26.7729123500964
2020-01-29 22:00:00,0.2318981498291321,24.85338415958456
2020-01-29 22:30:00,0.2412383794329871,24.785919480279617
2020-01-29 23:00:00,0.2318247753177758,23.80083290653759
2020-01-29 23:30:00,0.23137188957692695,23.54618829146971
2020-01-30 00:00:00,0.24167318680416516,23.793532630483046
2020-01-30 00:30:00,0.22268523883834535,22.34047737203767
2020-01-30 01:00:00,0.23508072038828992,21.68117632259663
2020-01-30 01:30:00,0.23721961888760726,21.772724728466628
2020-01-30 02:00:00,0.22811802911660944,21.531556308875462
2020-01-30 02:30:00,0.22522277724272627,19.867851357118663
2020-01-30 03:00:00,0.2387813783636978,20.980517665670025
2020-01-30 03:30:00,0.22436564365633704,22.700743233346934
2020-01-30 04:00:00,0.24255862097330955,20.949282485305087
2020-01-30 04:30:00,0.24746465459849212,22.013731108078467
2020-01-30 05:00:00,0.2446914733320647,23.428223554042155
2020-01-30 05:30:00,0.2547881383650222,22.205492543370184
2020-01-30 06:00:00,0.31437400747558786,22.703987576827
2020-01-30 06:30:00,0.3008083172481505,23.429403363273547
2020-01-30 07:00:00,0.3322684296193394,24.027413588942142
2020-01-30 07:30:00,0.31058779536484593,24.542728590443453
2020-01-30 08:00:00,0.3185557951530029,25.295856282985845
2020-01-30 08:30:00,0.29252494415557984,25.192373755547845
2020-01-30 09:00:00,0.2847715270786144,26.72921286864982
2020-01-30 09:30:00,0.29500787935037365,26.682142531345583
2020-01-30 10:00:00,0.25973341335292643,26.72335790403094
2020-01-30 10:30:00,0.2460761574111153,27.099356257378027
2020-01-30 11:00:00,0.2531113487923687,27.64361472791403
2020-01-30 11:30:00,0.2283117391734734,28.303705395525828
2020-01-30 12:00:00,0.21046307292754432,27.78414280267602
2020-01-30 12:30:00,0.2308150472302688,28.034931290324042
2020-01-30 13:00:00,0.22823573687136733,29.161262511238693
2020-01-30 13:30:00,0.22982129726337186,29.267697216423183
2020-01-30 14:00:00,0.24174250787550947,29.89311093632265
2020-01-30 14:30:00,0.25528998797014196,29.44184584286969
2020-01-30 15:00:00,0.24287977127638807,30.381789014303525
2020-01-30 15:30:00,0.22351622012281785,29.561587243513845
2020-01-30 16:00:00,0.2620232944782462,28.831842071166918
2020-01-30 16:30:00,0.2745988165349765,29.25928468259326
2020-01-30 17:00:00,0.24904326093874365,29.374268663594865
2020-01-30 17:30:00,0.29705686933967773,28.788186298169435
2020-01-30 18:00:00,0.29683517944783505,28.21472049304281
2020-01-30 18:30:00,0.30399112632186187,27.210675939355255
2020-01-30 19:00:00,0.2726252516427559,27.041657052647164
2020-01-30 19:30:00,0.2768551169946032,26.61894404150563
2020-01-30 20:00:00,0.2678105311628339,25.85899561445897
2020-01-30 20:30:00,0.2705350550880328,25.561883945439106
2020-01-30 21:00:00,0.2714312591209763,26.008853315940268
2020-01-30 21:30:00,0.2589485883086924,25.79796568229359
2020-01-30 22:00:00,0.23955430426623903,24.06456031234671
2020-01-30 22:30:00,0.23644341695170967,24.070022321267633
2020-01-30 23:00:00,0.221958010826858,23.977307186035
2020-01-30 23:30:00,0.22900189165539003,22.973363553098807
2020-01-31 00:00:00,0.23136668617840817,22.64340770184797
2020-01-31 00:30:00,0.2331666729869656,23.252492615230317
2020-01-31 01:00:00,0.2265959213071351,22.225969718965203
2020-01-31 01:30:00,0.21335527983909583,22.382941660205702
2020-01-31 02:00:00,0.2041071540291704,20.53638164025942
2020-01-31 02:30:00,0.23783195169955626,22.226096675473126
2020-01-31 03:00:00,0.2179471118365357,21.04037043364354
2020-01-31 03:30:00,0.22252025730741004,21.01607400937099
2020-01-31 04:00:00,0.2439730681450924,21.075255557511994
2020-01-31 04:30:00,0.2594262038107289,21.12209127557431
2020-01-31 05:00:00,0.23034524167029347,21.27204372277165
2020-01-31 05:30:00,0.25443508879785826,22.664434732745566
2020-01-31 06:00:00,0.28429300714514427,22.36932264624339
2020-01-31 06:30:00,0.30246864956738,22.44849718444313
2020-01-31 07:00:00,0.30768179763281145,23.15972973556183
2020-01-31 07:30:00,0.3372651054960435,24.17941118385902
2020-01-31 08:00:00,0.2854606830432742,24.572027748393683
2020-01-31 08:30:00,0.28919805325169284,25.612130346217267
2020-01-31 09:00:00,0.27792765609319103,25.03578820165027
2020-01-31 09:30:00,0.24688371961043254,26.650466033378947
2020-01-31 10:00:00,0.25568434518051397,27.16276517920921
2020-01-31 10:30:00,0.2403606440002625,27.054695671631723
2020-01-31 11:00:00,0.22792719954916513,28.21186314250783
2020-01-31 11:30:00,0.23466529426503735,28.148162063563138
2020-01-31 12:00:00,0.03392888648151829,28.741757074202308
2020-01-31 12:30:00,0.031238372648550367,28.577954309307025
2020-01-31 13:00:00,0.03343517070632776,29.80917327894584
2020-01-31 13:30:00,0.03364610069215909,30.14120180811843
2020-01-31 14:00:00,0.03509347468316821,31.053200535716005
2020-01-31 14:30:00,0.03580786457081695,30.406773533817887
2020-01-31 15:00:00,0.038934713558394764,31.3056768421827
2020-01-31 15:30:00,0.035134943105711615,30.17866407886966
2020-01-31 16:00:00,0.04304667403893688,30.034942107510886
2020-01-31 16:30:00,0.04275151079510225,30.59158397040276
2020-01-31 17:00:00,0.039617066294168904,30.35930358759873
2020-01-31 17:30:00,0.04368494662347012,30.793422697825775
2020-01-31 18:00:00,0.2948957787774028,28.93492095925909
2020-01-31 18:30:00,0.2825567862985456,30.609273764075915
2020-01-31 19:00:00,0.30099025366560883,28.865077523351992
2020-01-31 19:30:00,0.27932205029796064,29.058390609823896
2020-01-31 20:00:00,0.289162325801524,28.293746195047966
2020-01-31 20:30:00,0.2773061589617922,27.840253053256756
2020-01-31 21:00:00,0.264083514312579,26.58221546287883
2020-01-31 21:30:00,0.22981959461919485,27.020057001202662
2020-01-31 22:00:00,0.2638680030242742,26.634470630767126
2020-01-31 22:30:00,0.21752853256963592,26.723075033313243
2020-01-31 23:00:00,0.23355462123908502,27.021949657730527
2020-01-31 23:30:00,0.23398938037423872,25.838990751023033
